log file:
все действия были выполнены в консоли

C:\Users\voron>mysql
Welcome to the MySQL monitor.  Commands end with ; or \g.
Your MySQL connection id is 9
Server version: 8.0.22 MySQL Community Server - GPL

Copyright (c) 2000, 2020, Oracle and/or its affiliates. All rights reserved.

Oracle is a registered trademark of Oracle Corporation and/or its
affiliates. Other names may be trademarks of their respective
owners.

Type 'help;' or '\h' for help. Type '\c' to clear the current input statement.

mysql> DROP DATABASE vk;
Query OK, 9 rows affected (0.94 sec)

mysql> CREATE DATABASE vk;
Query OK, 1 row affected (0.12 sec)

mysql> use vk;
Database changed
mysql> source testvkdata.sql;
Query OK, 0 rows affected, 1 warning (0.01 sec)

Query OK, 0 rows affected, 4 warnings (0.19 sec)

Query OK, 1 row affected (0.01 sec)

Query OK, 1 row affected (0.01 sec)

Query OK, 1 row affected (0.01 sec)

Query OK, 1 row affected (0.00 sec)

Query OK, 1 row affected (0.01 sec)

Query OK, 1 row affected (0.01 sec)

Query OK, 1 row affected (0.01 sec)

Query OK, 1 row affected (0.02 sec)

Query OK, 1 row affected (0.01 sec)

Query OK, 1 row affected (0.01 sec)

Query OK, 1 row affected (0.01 sec)

Query OK, 1 row affected (0.01 sec)

Query OK, 1 row affected (0.01 sec)

Query OK, 1 row affected (0.02 sec)

Query OK, 1 row affected (0.02 sec)

Query OK, 1 row affected (0.01 sec)

Query OK, 1 row affected (0.01 sec)

Query OK, 1 row affected (0.01 sec)

Query OK, 1 row affected (0.01 sec)

Query OK, 1 row affected (0.03 sec)

Query OK, 1 row affected (0.04 sec)

Query OK, 1 row affected (0.04 sec)

Query OK, 1 row affected (0.01 sec)

Query OK, 1 row affected (0.02 sec)

Query OK, 1 row affected (0.07 sec)

Query OK, 1 row affected (0.02 sec)

Query OK, 1 row affected (0.02 sec)

Query OK, 1 row affected (0.03 sec)

Query OK, 1 row affected (0.01 sec)

Query OK, 1 row affected (0.03 sec)

Query OK, 1 row affected (0.01 sec)

Query OK, 1 row affected (0.01 sec)

Query OK, 1 row affected (0.01 sec)

Query OK, 1 row affected (0.01 sec)

Query OK, 1 row affected (0.02 sec)

Query OK, 1 row affected (0.02 sec)

Query OK, 1 row affected (0.02 sec)

Query OK, 1 row affected (0.01 sec)

Query OK, 1 row affected (0.01 sec)

Query OK, 1 row affected (0.03 sec)

Query OK, 1 row affected (0.02 sec)

Query OK, 1 row affected (0.01 sec)

Query OK, 1 row affected (0.04 sec)

Query OK, 1 row affected (0.03 sec)

Query OK, 1 row affected (0.02 sec)

Query OK, 1 row affected (0.02 sec)

Query OK, 1 row affected (0.01 sec)

Query OK, 1 row affected (0.01 sec)

Query OK, 1 row affected (0.03 sec)

Query OK, 1 row affected (0.01 sec)

Query OK, 1 row affected (0.02 sec)

Query OK, 1 row affected (0.03 sec)

Query OK, 1 row affected (0.01 sec)

Query OK, 1 row affected (0.01 sec)

Query OK, 1 row affected (0.01 sec)

Query OK, 1 row affected (0.02 sec)

Query OK, 1 row affected (0.02 sec)

Query OK, 1 row affected (0.03 sec)

Query OK, 1 row affected (0.01 sec)

Query OK, 1 row affected (0.01 sec)

Query OK, 1 row affected (0.01 sec)

Query OK, 1 row affected (0.01 sec)

Query OK, 1 row affected (0.01 sec)

Query OK, 1 row affected (0.03 sec)

Query OK, 1 row affected (0.02 sec)

Query OK, 1 row affected (0.03 sec)

Query OK, 1 row affected (0.02 sec)

Query OK, 1 row affected (0.01 sec)

Query OK, 1 row affected (0.01 sec)

Query OK, 1 row affected (0.01 sec)

Query OK, 1 row affected (0.03 sec)

Query OK, 1 row affected (0.01 sec)

Query OK, 1 row affected (0.01 sec)

Query OK, 1 row affected (0.01 sec)

Query OK, 1 row affected (0.02 sec)

Query OK, 1 row affected (0.01 sec)

Query OK, 1 row affected (0.01 sec)

Query OK, 1 row affected (0.02 sec)

Query OK, 1 row affected (0.02 sec)

Query OK, 1 row affected (0.02 sec)

Query OK, 1 row affected (0.01 sec)

Query OK, 1 row affected (0.01 sec)

Query OK, 1 row affected (0.01 sec)

Query OK, 1 row affected (0.01 sec)

Query OK, 1 row affected (0.03 sec)

Query OK, 1 row affected (0.02 sec)

Query OK, 1 row affected (0.01 sec)

Query OK, 1 row affected (0.01 sec)

Query OK, 1 row affected (0.03 sec)

Query OK, 1 row affected (0.01 sec)

Query OK, 1 row affected (0.01 sec)

Query OK, 1 row affected (0.01 sec)

Query OK, 1 row affected (0.01 sec)

Query OK, 1 row affected (0.02 sec)

Query OK, 1 row affected (0.01 sec)

Query OK, 1 row affected (0.01 sec)

Query OK, 1 row affected (0.01 sec)

Query OK, 1 row affected (0.01 sec)

Query OK, 1 row affected (0.01 sec)

Query OK, 1 row affected (0.01 sec)

Query OK, 0 rows affected, 1 warning (0.03 sec)

Query OK, 0 rows affected, 4 warnings (0.11 sec)

Query OK, 1 row affected (0.01 sec)

Query OK, 1 row affected (0.01 sec)

Query OK, 1 row affected (0.01 sec)

Query OK, 1 row affected (0.02 sec)

Query OK, 1 row affected (0.01 sec)

Query OK, 1 row affected (0.01 sec)

Query OK, 1 row affected (0.01 sec)

Query OK, 1 row affected (0.02 sec)

Query OK, 1 row affected (0.03 sec)

Query OK, 1 row affected (0.01 sec)

Query OK, 1 row affected (0.00 sec)

Query OK, 1 row affected (0.01 sec)

Query OK, 1 row affected (0.01 sec)

Query OK, 1 row affected (0.01 sec)

Query OK, 1 row affected (0.04 sec)

Query OK, 1 row affected (0.03 sec)

Query OK, 1 row affected (0.01 sec)

Query OK, 1 row affected (0.01 sec)

Query OK, 1 row affected (0.00 sec)

Query OK, 1 row affected (0.01 sec)

Query OK, 1 row affected (0.05 sec)

Query OK, 1 row affected (0.01 sec)

Query OK, 1 row affected (0.01 sec)

Query OK, 1 row affected (0.01 sec)

Query OK, 1 row affected (0.01 sec)

Query OK, 1 row affected (0.01 sec)

Query OK, 1 row affected (0.01 sec)

Query OK, 1 row affected (0.02 sec)

Query OK, 1 row affected (0.01 sec)

Query OK, 1 row affected (0.03 sec)

Query OK, 1 row affected (0.01 sec)

Query OK, 1 row affected (0.01 sec)

Query OK, 1 row affected (0.03 sec)

Query OK, 1 row affected (0.02 sec)

Query OK, 1 row affected (0.01 sec)

Query OK, 1 row affected (0.01 sec)

Query OK, 1 row affected (0.03 sec)

Query OK, 1 row affected (0.03 sec)

Query OK, 1 row affected (0.01 sec)

Query OK, 1 row affected (0.01 sec)

Query OK, 1 row affected (0.01 sec)

Query OK, 1 row affected (0.02 sec)

Query OK, 1 row affected (0.01 sec)

Query OK, 1 row affected (0.01 sec)

Query OK, 1 row affected (0.02 sec)

Query OK, 1 row affected (0.04 sec)

Query OK, 1 row affected (0.04 sec)

Query OK, 1 row affected (0.01 sec)

Query OK, 1 row affected (0.04 sec)

Query OK, 1 row affected (0.01 sec)

Query OK, 1 row affected (0.01 sec)

Query OK, 1 row affected (0.03 sec)

Query OK, 1 row affected (0.01 sec)

Query OK, 1 row affected (0.01 sec)

Query OK, 1 row affected (0.02 sec)

Query OK, 1 row affected (0.01 sec)

Query OK, 1 row affected (0.02 sec)

Query OK, 1 row affected (0.01 sec)

Query OK, 1 row affected (0.01 sec)

Query OK, 1 row affected (0.01 sec)

Query OK, 1 row affected (0.03 sec)

Query OK, 1 row affected (0.01 sec)

Query OK, 1 row affected (0.01 sec)

Query OK, 1 row affected (0.01 sec)

Query OK, 1 row affected (0.02 sec)

Query OK, 1 row affected (0.04 sec)

Query OK, 1 row affected (0.01 sec)

Query OK, 1 row affected (0.01 sec)

Query OK, 1 row affected (0.00 sec)

Query OK, 1 row affected (0.04 sec)

Query OK, 1 row affected (0.01 sec)

Query OK, 1 row affected (0.01 sec)

Query OK, 1 row affected (0.01 sec)

Query OK, 1 row affected (0.01 sec)

Query OK, 1 row affected (0.03 sec)

Query OK, 1 row affected (0.01 sec)

Query OK, 1 row affected (0.01 sec)

Query OK, 1 row affected (0.01 sec)

Query OK, 1 row affected (0.01 sec)

Query OK, 1 row affected (0.04 sec)

Query OK, 1 row affected (0.01 sec)

Query OK, 1 row affected (0.01 sec)

Query OK, 1 row affected (0.01 sec)

Query OK, 1 row affected (0.01 sec)

Query OK, 1 row affected (0.01 sec)

Query OK, 1 row affected (0.04 sec)

Query OK, 1 row affected (0.01 sec)

Query OK, 1 row affected (0.01 sec)

Query OK, 1 row affected (0.03 sec)

Query OK, 1 row affected (0.01 sec)

Query OK, 1 row affected (0.03 sec)

Query OK, 1 row affected (0.02 sec)

Query OK, 1 row affected (0.02 sec)

Query OK, 1 row affected (0.03 sec)

Query OK, 1 row affected (0.03 sec)

Query OK, 1 row affected (0.01 sec)

Query OK, 1 row affected (0.01 sec)

Query OK, 1 row affected (0.01 sec)

Query OK, 1 row affected (0.01 sec)

Query OK, 1 row affected (0.01 sec)

Query OK, 0 rows affected, 1 warning (0.01 sec)

Query OK, 0 rows affected, 5 warnings (0.12 sec)

Query OK, 1 row affected (0.03 sec)

Query OK, 1 row affected (0.01 sec)

Query OK, 1 row affected (0.01 sec)

Query OK, 1 row affected (0.01 sec)

Query OK, 1 row affected (0.01 sec)

Query OK, 1 row affected (0.02 sec)

Query OK, 1 row affected (0.01 sec)

Query OK, 1 row affected (0.02 sec)

Query OK, 1 row affected (0.01 sec)

Query OK, 1 row affected (0.02 sec)

Query OK, 1 row affected (0.02 sec)

Query OK, 1 row affected (0.02 sec)

Query OK, 1 row affected (0.02 sec)

Query OK, 1 row affected (0.02 sec)

Query OK, 1 row affected (0.02 sec)

Query OK, 1 row affected (0.02 sec)

Query OK, 1 row affected (0.01 sec)

Query OK, 1 row affected (0.01 sec)

Query OK, 1 row affected (0.01 sec)

Query OK, 1 row affected (0.01 sec)

Query OK, 1 row affected (0.00 sec)

Query OK, 1 row affected (0.01 sec)

Query OK, 1 row affected (0.03 sec)

Query OK, 1 row affected (0.01 sec)

Query OK, 1 row affected (0.01 sec)

Query OK, 1 row affected (0.00 sec)

Query OK, 1 row affected (0.00 sec)

Query OK, 1 row affected (0.01 sec)

Query OK, 1 row affected (0.03 sec)

Query OK, 1 row affected (0.03 sec)

Query OK, 1 row affected (0.01 sec)

Query OK, 1 row affected (0.00 sec)

Query OK, 1 row affected (0.01 sec)

Query OK, 1 row affected (0.01 sec)

Query OK, 1 row affected (0.02 sec)

Query OK, 1 row affected (0.01 sec)

Query OK, 1 row affected (0.02 sec)

Query OK, 1 row affected (0.01 sec)

Query OK, 1 row affected (0.01 sec)

Query OK, 1 row affected (0.01 sec)

Query OK, 1 row affected (0.00 sec)

Query OK, 1 row affected (0.01 sec)

Query OK, 1 row affected (0.01 sec)

Query OK, 1 row affected (0.00 sec)

Query OK, 1 row affected (0.01 sec)

Query OK, 1 row affected (0.01 sec)

Query OK, 1 row affected (0.02 sec)

Query OK, 1 row affected (0.01 sec)

Query OK, 1 row affected (0.01 sec)

Query OK, 1 row affected (0.01 sec)

Query OK, 1 row affected (0.00 sec)

Query OK, 1 row affected (0.03 sec)

Query OK, 1 row affected (0.01 sec)

Query OK, 1 row affected (0.00 sec)

Query OK, 1 row affected (0.01 sec)

Query OK, 1 row affected (0.01 sec)

Query OK, 1 row affected (0.02 sec)

Query OK, 1 row affected (0.00 sec)

Query OK, 1 row affected (0.01 sec)

Query OK, 1 row affected (0.01 sec)

Query OK, 1 row affected (0.01 sec)

Query OK, 1 row affected (0.01 sec)

Query OK, 1 row affected (0.02 sec)

Query OK, 1 row affected (0.01 sec)

Query OK, 1 row affected (0.02 sec)

Query OK, 1 row affected (0.04 sec)

Query OK, 1 row affected (0.05 sec)

Query OK, 1 row affected (0.03 sec)

Query OK, 1 row affected (0.03 sec)

Query OK, 1 row affected (0.01 sec)

Query OK, 1 row affected (0.04 sec)

Query OK, 1 row affected (0.05 sec)

Query OK, 1 row affected (0.03 sec)

Query OK, 1 row affected (0.02 sec)

Query OK, 1 row affected (0.05 sec)

Query OK, 1 row affected (0.05 sec)

Query OK, 1 row affected (0.02 sec)

Query OK, 1 row affected (0.05 sec)

Query OK, 1 row affected (0.04 sec)

Query OK, 1 row affected (0.03 sec)

Query OK, 1 row affected (0.03 sec)

Query OK, 1 row affected (0.01 sec)

Query OK, 1 row affected (0.01 sec)

Query OK, 1 row affected (0.01 sec)

Query OK, 1 row affected (0.00 sec)

Query OK, 1 row affected (0.02 sec)

Query OK, 1 row affected (0.06 sec)

Query OK, 1 row affected (0.23 sec)

Query OK, 1 row affected (0.08 sec)

Query OK, 1 row affected (0.03 sec)

Query OK, 1 row affected (0.06 sec)

Query OK, 1 row affected (0.07 sec)

Query OK, 1 row affected (0.01 sec)

Query OK, 1 row affected (0.06 sec)

Query OK, 1 row affected (0.01 sec)

Query OK, 1 row affected (0.00 sec)

Query OK, 1 row affected (0.00 sec)

Query OK, 1 row affected (0.01 sec)

Query OK, 1 row affected (0.01 sec)

Query OK, 1 row affected (0.01 sec)

Query OK, 0 rows affected, 1 warning (0.00 sec)

Query OK, 0 rows affected, 4 warnings (0.10 sec)

Query OK, 1 row affected (0.01 sec)

Query OK, 1 row affected (0.01 sec)

Query OK, 1 row affected (0.01 sec)

Query OK, 1 row affected (0.00 sec)

Query OK, 1 row affected (0.03 sec)

Query OK, 1 row affected (0.02 sec)

Query OK, 1 row affected (0.01 sec)

Query OK, 1 row affected (0.01 sec)

Query OK, 1 row affected (0.02 sec)

Query OK, 1 row affected (0.01 sec)

Query OK, 1 row affected (0.03 sec)

Query OK, 1 row affected (0.02 sec)

Query OK, 1 row affected (0.01 sec)

Query OK, 1 row affected (0.03 sec)

Query OK, 1 row affected (0.00 sec)

Query OK, 1 row affected (0.02 sec)

Query OK, 1 row affected (0.01 sec)

Query OK, 1 row affected (0.01 sec)

Query OK, 1 row affected (0.01 sec)

Query OK, 0 rows affected, 1 warning (0.01 sec)

Query OK, 0 rows affected, 7 warnings (0.13 sec)

Query OK, 0 rows affected, 1 warning (0.00 sec)

Query OK, 0 rows affected, 4 warnings (0.13 sec)

Query OK, 1 row affected (0.01 sec)

Query OK, 1 row affected (0.02 sec)

Query OK, 1 row affected (0.00 sec)

Query OK, 1 row affected (0.01 sec)

Query OK, 1 row affected (0.00 sec)

Query OK, 1 row affected (0.00 sec)

Query OK, 1 row affected (0.01 sec)

Query OK, 1 row affected (0.01 sec)

Query OK, 1 row affected (0.02 sec)

Query OK, 1 row affected (0.00 sec)

Query OK, 1 row affected (0.03 sec)

Query OK, 1 row affected (0.03 sec)

Query OK, 1 row affected (0.00 sec)

Query OK, 1 row affected (0.01 sec)

Query OK, 1 row affected (0.03 sec)

Query OK, 1 row affected (0.01 sec)

Query OK, 1 row affected (0.01 sec)

Query OK, 1 row affected (0.00 sec)

Query OK, 1 row affected (0.01 sec)

Query OK, 1 row affected (0.01 sec)

Query OK, 1 row affected (0.01 sec)

Query OK, 1 row affected (0.01 sec)

Query OK, 1 row affected (0.02 sec)

Query OK, 1 row affected (0.01 sec)

Query OK, 1 row affected (0.01 sec)

Query OK, 1 row affected (0.01 sec)

Query OK, 1 row affected (0.01 sec)

Query OK, 1 row affected (0.03 sec)

Query OK, 1 row affected (0.01 sec)

Query OK, 1 row affected (0.02 sec)

Query OK, 1 row affected (0.01 sec)

Query OK, 1 row affected (0.01 sec)

Query OK, 1 row affected (0.02 sec)

Query OK, 1 row affected (0.02 sec)

Query OK, 1 row affected (0.01 sec)

Query OK, 1 row affected (0.00 sec)

Query OK, 1 row affected (0.00 sec)

Query OK, 1 row affected (0.01 sec)

Query OK, 1 row affected (0.01 sec)

Query OK, 1 row affected (0.02 sec)

Query OK, 1 row affected (0.00 sec)

Query OK, 1 row affected (0.03 sec)

Query OK, 1 row affected (0.01 sec)

Query OK, 1 row affected (0.01 sec)

Query OK, 1 row affected (0.02 sec)

Query OK, 1 row affected (0.00 sec)

Query OK, 1 row affected (0.02 sec)

Query OK, 1 row affected (0.01 sec)

Query OK, 1 row affected (0.01 sec)

Query OK, 1 row affected (0.02 sec)

Query OK, 1 row affected (0.01 sec)

Query OK, 1 row affected (0.01 sec)

Query OK, 1 row affected (0.01 sec)

Query OK, 1 row affected (0.02 sec)

Query OK, 1 row affected (0.01 sec)

Query OK, 1 row affected (0.01 sec)

Query OK, 1 row affected (0.00 sec)

Query OK, 1 row affected (0.01 sec)

Query OK, 1 row affected (0.00 sec)

Query OK, 1 row affected (0.01 sec)

Query OK, 1 row affected (0.00 sec)

Query OK, 1 row affected (0.00 sec)

Query OK, 1 row affected (0.00 sec)

Query OK, 1 row affected (0.01 sec)

Query OK, 1 row affected (0.02 sec)

Query OK, 1 row affected (0.01 sec)

Query OK, 1 row affected (0.00 sec)

Query OK, 1 row affected (0.01 sec)

Query OK, 1 row affected (0.01 sec)

Query OK, 1 row affected (0.01 sec)

Query OK, 1 row affected (0.01 sec)

Query OK, 1 row affected (0.01 sec)

Query OK, 1 row affected (0.01 sec)

Query OK, 1 row affected (0.01 sec)

Query OK, 1 row affected (0.04 sec)

Query OK, 1 row affected (0.01 sec)

Query OK, 1 row affected (0.01 sec)

Query OK, 1 row affected (0.02 sec)

Query OK, 1 row affected (0.02 sec)

Query OK, 1 row affected (0.01 sec)

Query OK, 1 row affected (0.01 sec)

Query OK, 1 row affected (0.02 sec)

Query OK, 1 row affected (0.01 sec)

Query OK, 1 row affected (0.01 sec)

Query OK, 1 row affected (0.03 sec)

Query OK, 1 row affected (0.01 sec)

Query OK, 1 row affected (0.01 sec)

Query OK, 1 row affected (0.01 sec)

Query OK, 1 row affected (0.00 sec)

Query OK, 1 row affected (0.01 sec)

Query OK, 1 row affected (0.01 sec)

Query OK, 1 row affected (0.01 sec)

Query OK, 1 row affected (0.02 sec)

Query OK, 1 row affected (0.00 sec)

Query OK, 1 row affected (0.01 sec)

Query OK, 1 row affected (0.01 sec)

Query OK, 1 row affected (0.00 sec)

Query OK, 1 row affected (0.01 sec)

Query OK, 1 row affected (0.00 sec)

Query OK, 1 row affected (0.03 sec)

Query OK, 0 rows affected, 1 warning (0.02 sec)

Query OK, 0 rows affected, 8 warnings (0.13 sec)

Query OK, 1 row affected (0.01 sec)

Query OK, 1 row affected (0.01 sec)

Query OK, 1 row affected (0.00 sec)

Query OK, 1 row affected (0.00 sec)

Query OK, 1 row affected (0.00 sec)

Query OK, 1 row affected (0.00 sec)

Query OK, 1 row affected (0.01 sec)

Query OK, 1 row affected (0.02 sec)

Query OK, 1 row affected (0.02 sec)

Query OK, 1 row affected (0.03 sec)

Query OK, 1 row affected (0.03 sec)

Query OK, 1 row affected (0.01 sec)

Query OK, 1 row affected (0.01 sec)

Query OK, 1 row affected (0.01 sec)

Query OK, 1 row affected (0.01 sec)

Query OK, 1 row affected (0.01 sec)

Query OK, 1 row affected (0.02 sec)

Query OK, 1 row affected (0.00 sec)

Query OK, 1 row affected (0.02 sec)

Query OK, 1 row affected (0.01 sec)

Query OK, 1 row affected (0.01 sec)

Query OK, 1 row affected (0.01 sec)

Query OK, 1 row affected (0.01 sec)

Query OK, 1 row affected (0.01 sec)

Query OK, 1 row affected (0.01 sec)

Query OK, 1 row affected (0.04 sec)

Query OK, 1 row affected (0.01 sec)

Query OK, 1 row affected (0.01 sec)

Query OK, 1 row affected (0.01 sec)

Query OK, 1 row affected (0.03 sec)

Query OK, 1 row affected (0.01 sec)

Query OK, 1 row affected (0.00 sec)

Query OK, 1 row affected (0.00 sec)

Query OK, 1 row affected (0.01 sec)

Query OK, 1 row affected (0.01 sec)

Query OK, 1 row affected (0.02 sec)

Query OK, 1 row affected (0.02 sec)

Query OK, 1 row affected (0.01 sec)

Query OK, 1 row affected (0.00 sec)

Query OK, 1 row affected (0.03 sec)

Query OK, 1 row affected (0.03 sec)

Query OK, 1 row affected (0.00 sec)

Query OK, 1 row affected (0.01 sec)

Query OK, 1 row affected (0.01 sec)

Query OK, 1 row affected (0.01 sec)

Query OK, 1 row affected (0.03 sec)

Query OK, 1 row affected (0.01 sec)

Query OK, 1 row affected (0.01 sec)

Query OK, 1 row affected (0.02 sec)

Query OK, 1 row affected (0.01 sec)

Query OK, 1 row affected (0.01 sec)

Query OK, 1 row affected (0.00 sec)

Query OK, 1 row affected (0.03 sec)

Query OK, 1 row affected (0.00 sec)

Query OK, 1 row affected (0.01 sec)

Query OK, 1 row affected (0.01 sec)

Query OK, 1 row affected (0.01 sec)

Query OK, 1 row affected (0.01 sec)

Query OK, 1 row affected (0.02 sec)

Query OK, 1 row affected (0.01 sec)

Query OK, 1 row affected (0.01 sec)

Query OK, 1 row affected (0.00 sec)

Query OK, 1 row affected (0.00 sec)

Query OK, 1 row affected (0.02 sec)

Query OK, 1 row affected (0.01 sec)

Query OK, 1 row affected (0.02 sec)

Query OK, 1 row affected (0.02 sec)

Query OK, 1 row affected (0.00 sec)

Query OK, 1 row affected (0.03 sec)

Query OK, 1 row affected (0.00 sec)

Query OK, 1 row affected (0.02 sec)

Query OK, 1 row affected (0.01 sec)

Query OK, 1 row affected (0.01 sec)

Query OK, 1 row affected (0.02 sec)

Query OK, 1 row affected (0.00 sec)

Query OK, 1 row affected (0.02 sec)

Query OK, 1 row affected (0.01 sec)

Query OK, 1 row affected (0.02 sec)

Query OK, 1 row affected (0.01 sec)

Query OK, 1 row affected (0.04 sec)

Query OK, 1 row affected (0.01 sec)

Query OK, 1 row affected (0.01 sec)

Query OK, 1 row affected (0.01 sec)

Query OK, 1 row affected (0.01 sec)

Query OK, 1 row affected (0.02 sec)

Query OK, 1 row affected (0.03 sec)

Query OK, 1 row affected (0.02 sec)

Query OK, 1 row affected (0.03 sec)

Query OK, 1 row affected (0.01 sec)

Query OK, 1 row affected (0.03 sec)

Query OK, 1 row affected (0.01 sec)

Query OK, 1 row affected (0.01 sec)

Query OK, 1 row affected (0.01 sec)

Query OK, 1 row affected (0.03 sec)

Query OK, 1 row affected (0.02 sec)

Query OK, 1 row affected (0.01 sec)

Query OK, 1 row affected (0.00 sec)

Query OK, 1 row affected (0.02 sec)

Query OK, 1 row affected (0.03 sec)

Query OK, 1 row affected (0.01 sec)

Query OK, 0 rows affected, 1 warning (0.01 sec)

Query OK, 0 rows affected, 6 warnings (0.12 sec)

Query OK, 1 row affected (0.01 sec)

Query OK, 1 row affected (0.01 sec)

Query OK, 1 row affected (0.01 sec)

Query OK, 1 row affected (0.00 sec)

Query OK, 1 row affected (0.03 sec)

Query OK, 1 row affected (0.02 sec)

Query OK, 1 row affected (0.01 sec)

Query OK, 1 row affected (0.01 sec)

Query OK, 1 row affected (0.01 sec)

Query OK, 1 row affected (0.01 sec)

Query OK, 1 row affected (0.01 sec)

Query OK, 1 row affected (0.03 sec)

Query OK, 1 row affected (0.02 sec)

Query OK, 1 row affected (0.00 sec)

Query OK, 1 row affected (0.03 sec)

Query OK, 1 row affected (0.01 sec)

Query OK, 1 row affected (0.03 sec)

Query OK, 1 row affected (0.00 sec)

Query OK, 1 row affected (0.02 sec)

Query OK, 1 row affected (0.03 sec)

Query OK, 1 row affected (0.01 sec)

Query OK, 1 row affected (0.01 sec)

Query OK, 1 row affected (0.04 sec)

Query OK, 1 row affected (0.02 sec)

Query OK, 1 row affected (0.03 sec)

Query OK, 1 row affected (0.01 sec)

Query OK, 1 row affected (0.01 sec)

Query OK, 1 row affected (0.01 sec)

Query OK, 1 row affected (0.03 sec)

Query OK, 1 row affected (0.01 sec)

Query OK, 1 row affected (0.01 sec)

Query OK, 1 row affected (0.01 sec)

Query OK, 1 row affected (0.00 sec)

Query OK, 1 row affected (0.00 sec)

Query OK, 1 row affected (0.02 sec)

Query OK, 1 row affected (0.01 sec)

Query OK, 1 row affected (0.02 sec)

Query OK, 1 row affected (0.02 sec)

Query OK, 1 row affected (0.01 sec)

Query OK, 1 row affected (0.05 sec)

Query OK, 1 row affected (0.04 sec)

Query OK, 1 row affected (0.01 sec)

Query OK, 1 row affected (0.02 sec)

Query OK, 1 row affected (0.00 sec)

Query OK, 1 row affected (0.01 sec)

Query OK, 1 row affected (0.01 sec)

Query OK, 1 row affected (0.02 sec)

Query OK, 1 row affected (0.02 sec)

Query OK, 1 row affected (0.01 sec)

Query OK, 1 row affected (0.01 sec)

Query OK, 1 row affected (0.03 sec)

Query OK, 1 row affected (0.03 sec)

Query OK, 1 row affected (0.03 sec)

Query OK, 1 row affected (0.01 sec)

Query OK, 1 row affected (0.03 sec)

Query OK, 1 row affected (0.03 sec)

Query OK, 1 row affected (0.01 sec)

Query OK, 1 row affected (0.01 sec)

Query OK, 1 row affected (0.01 sec)

Query OK, 1 row affected (0.03 sec)

Query OK, 1 row affected (0.01 sec)

Query OK, 1 row affected (0.01 sec)

Query OK, 1 row affected (0.01 sec)

Query OK, 1 row affected (0.01 sec)

Query OK, 1 row affected (0.02 sec)

Query OK, 1 row affected (0.02 sec)

Query OK, 1 row affected (0.01 sec)

Query OK, 1 row affected (0.00 sec)

Query OK, 1 row affected (0.03 sec)

Query OK, 1 row affected (0.01 sec)

Query OK, 1 row affected (0.02 sec)

Query OK, 1 row affected (0.03 sec)

Query OK, 1 row affected (0.00 sec)

Query OK, 1 row affected (0.00 sec)

Query OK, 1 row affected (0.02 sec)

Query OK, 1 row affected (0.01 sec)

Query OK, 1 row affected (0.03 sec)

Query OK, 1 row affected (0.00 sec)

Query OK, 1 row affected (0.01 sec)

Query OK, 1 row affected (0.01 sec)

Query OK, 1 row affected (0.00 sec)

Query OK, 1 row affected (0.03 sec)

Query OK, 1 row affected (0.00 sec)

Query OK, 1 row affected (0.01 sec)

Query OK, 1 row affected (0.01 sec)

Query OK, 1 row affected (0.01 sec)

Query OK, 1 row affected (0.01 sec)

Query OK, 1 row affected (0.00 sec)

Query OK, 1 row affected (0.03 sec)

Query OK, 1 row affected (0.02 sec)

Query OK, 1 row affected (0.01 sec)

Query OK, 1 row affected (0.01 sec)

Query OK, 1 row affected (0.02 sec)

Query OK, 1 row affected (0.01 sec)

Query OK, 1 row affected (0.01 sec)

Query OK, 1 row affected (0.05 sec)

Query OK, 1 row affected (0.01 sec)

Query OK, 1 row affected (0.01 sec)

Query OK, 1 row affected (0.01 sec)

Query OK, 1 row affected (0.02 sec)

Query OK, 0 rows affected, 1 warning (0.02 sec)

Query OK, 0 rows affected, 7 warnings (0.12 sec)

Query OK, 1 row affected (0.01 sec)

Query OK, 1 row affected (0.00 sec)

Query OK, 1 row affected (0.02 sec)

Query OK, 1 row affected (0.00 sec)

Query OK, 1 row affected (0.00 sec)

Query OK, 1 row affected (0.01 sec)

Query OK, 1 row affected (0.01 sec)

Query OK, 1 row affected (0.01 sec)

Query OK, 1 row affected (0.02 sec)

Query OK, 1 row affected (0.02 sec)

Query OK, 1 row affected (0.01 sec)

Query OK, 1 row affected (0.00 sec)

Query OK, 1 row affected (0.00 sec)

Query OK, 1 row affected (0.02 sec)

Query OK, 1 row affected (0.01 sec)

Query OK, 1 row affected (0.02 sec)

Query OK, 1 row affected (0.00 sec)

Query OK, 1 row affected (0.03 sec)

Query OK, 1 row affected (0.01 sec)

Query OK, 1 row affected (0.01 sec)

Query OK, 1 row affected (0.02 sec)

Query OK, 1 row affected (0.01 sec)

Query OK, 1 row affected (0.02 sec)

Query OK, 1 row affected (0.01 sec)

Query OK, 1 row affected (0.00 sec)

Query OK, 1 row affected (0.03 sec)

Query OK, 1 row affected (0.02 sec)

Query OK, 1 row affected (0.01 sec)

Query OK, 1 row affected (0.01 sec)

Query OK, 1 row affected (0.01 sec)

Query OK, 1 row affected (0.02 sec)

Query OK, 1 row affected (0.02 sec)

Query OK, 1 row affected (0.01 sec)

Query OK, 1 row affected (0.00 sec)

Query OK, 1 row affected (0.01 sec)

Query OK, 1 row affected (0.00 sec)

Query OK, 1 row affected (0.01 sec)

Query OK, 1 row affected (0.00 sec)

Query OK, 1 row affected (0.00 sec)

Query OK, 1 row affected (0.00 sec)

Query OK, 1 row affected (0.01 sec)

Query OK, 1 row affected (0.02 sec)

Query OK, 1 row affected (0.01 sec)

Query OK, 1 row affected (0.00 sec)

Query OK, 1 row affected (0.00 sec)

Query OK, 1 row affected (0.00 sec)

Query OK, 1 row affected (0.00 sec)

Query OK, 1 row affected (0.00 sec)

Query OK, 1 row affected (0.00 sec)

Query OK, 1 row affected (0.00 sec)

Query OK, 1 row affected (0.01 sec)

Query OK, 1 row affected (0.00 sec)

Query OK, 1 row affected (0.00 sec)

Query OK, 1 row affected (0.01 sec)

Query OK, 1 row affected (0.01 sec)

Query OK, 1 row affected (0.03 sec)

Query OK, 1 row affected (0.01 sec)

Query OK, 1 row affected (0.00 sec)

Query OK, 1 row affected (0.01 sec)

Query OK, 1 row affected (0.01 sec)

Query OK, 1 row affected (0.00 sec)

Query OK, 1 row affected (0.00 sec)

Query OK, 1 row affected (0.00 sec)

Query OK, 1 row affected (0.01 sec)

Query OK, 1 row affected (0.02 sec)

Query OK, 1 row affected (0.02 sec)

Query OK, 1 row affected (0.02 sec)

Query OK, 1 row affected (0.01 sec)

Query OK, 1 row affected (0.01 sec)

Query OK, 1 row affected (0.00 sec)

Query OK, 1 row affected (0.01 sec)

Query OK, 1 row affected (0.01 sec)

Query OK, 1 row affected (0.01 sec)

Query OK, 1 row affected (0.01 sec)

Query OK, 1 row affected (0.01 sec)

Query OK, 1 row affected (0.03 sec)

Query OK, 1 row affected (0.01 sec)

Query OK, 1 row affected (0.03 sec)

Query OK, 1 row affected (0.01 sec)

Query OK, 1 row affected (0.01 sec)

Query OK, 1 row affected (0.01 sec)

Query OK, 1 row affected (0.00 sec)

Query OK, 1 row affected (0.02 sec)

Query OK, 1 row affected (0.02 sec)

Query OK, 1 row affected (0.01 sec)

Query OK, 1 row affected (0.01 sec)

Query OK, 1 row affected (0.01 sec)

Query OK, 1 row affected (0.00 sec)

Query OK, 1 row affected (0.01 sec)

Query OK, 1 row affected (0.02 sec)

Query OK, 1 row affected (0.02 sec)

Query OK, 1 row affected (0.00 sec)

Query OK, 1 row affected (0.02 sec)

Query OK, 1 row affected (0.01 sec)

Query OK, 1 row affected (0.01 sec)

Query OK, 1 row affected (0.01 sec)

Query OK, 1 row affected (0.02 sec)

Query OK, 1 row affected (0.01 sec)

Query OK, 1 row affected (0.04 sec)

Query OK, 1 row affected (0.01 sec)

mysql> show tables;
+---------------------+
| Tables_in_vk        |
+---------------------+
| communities         |
| communities_users   |
| friendship          |
| friendship_statuses |
| media               |
| media_types         |
| messages            |
| profiles            |
| users               |
+---------------------+
9 rows in set (0.00 sec)

mysql> select * from users;
+-----+------------+---------------+----------------------------------+----------------------+---------------------+---------------------+
| id  | first_name | last_name     | email                            | phone                | created_at          | updated_at          |
+-----+------------+---------------+----------------------------------+----------------------+---------------------+---------------------+
|   1 | Providenci | Kirlin        | mccullough.breana@example.org    | (749)930-4851x31994  | 2014-12-08 05:19:01 | 1995-04-27 03:07:56 |
|   2 | Ian        | Schultz       | agleichner@example.org           | 01072595386          | 2018-02-14 07:08:06 | 1978-05-22 00:38:52 |
|   3 | Kiara      | Gorczany      | jordy.kunde@example.com          | (396)884-7646x524    | 1992-10-04 05:28:28 | 2004-10-16 12:03:29 |
|   4 | Aileen     | Rippin        | sebert@example.org               | (995)469-3086x38509  | 2011-08-09 07:38:32 | 2016-03-21 23:33:05 |
|   5 | Sophie     | Jenkins       | joanny43@example.net             | 1-169-778-7813       | 1990-04-18 21:08:35 | 2008-02-20 06:36:14 |
|   6 | Elaina     | Waelchi       | madison53@example.org            | 869.060.3991x1725    | 2015-09-29 05:06:21 | 1993-01-19 14:26:17 |
|   7 | Abdul      | Windler       | walker.keith@example.net         | (279)811-8283        | 2006-06-03 01:17:48 | 1993-11-30 07:26:31 |
|   8 | Jadyn      | DuBuque       | collins.misty@example.net        | (052)514-7069        | 1997-01-27 01:05:35 | 2014-11-30 06:21:50 |
|   9 | Zaria      | Simonis       | israel49@example.net             | 563-421-6368x14408   | 2010-09-25 11:09:45 | 1993-11-22 10:20:48 |
|  10 | Lina       | Stamm         | crystel.hayes@example.com        | 981-101-8723x226     | 2003-06-10 23:43:47 | 2016-06-21 18:07:46 |
|  11 | Dusty      | Bogisich      | breitenberg.kayley@example.org   | 269-108-3755         | 2003-02-02 10:33:28 | 2004-09-20 14:45:06 |
|  12 | Eleanora   | Rogahn        | alysa05@example.org              | 941.438.8048x72293   | 2011-08-29 15:08:22 | 1972-04-01 11:44:53 |
|  13 | Stan       | Kuvalis       | laverna52@example.org            | 1-993-931-2985       | 1977-03-29 13:08:25 | 2008-11-01 02:41:00 |
|  14 | Neil       | Olson         | bstehr@example.net               | 1-232-291-2811x220   | 1979-01-09 20:38:10 | 1994-12-07 01:45:02 |
|  15 | Dewayne    | Reichert      | amayert@example.org              | 1-029-118-5287x47777 | 2017-09-28 15:51:29 | 1995-05-10 07:12:28 |
|  16 | Pattie     | Adams         | river58@example.org              | 113.658.3457x700     | 2019-09-22 17:52:17 | 2000-02-14 13:18:17 |
|  17 | Bryce      | Runolfsdottir | meagan12@example.net             | (139)483-9727x897    | 1974-12-20 11:55:45 | 1978-05-23 23:58:11 |
|  18 | Lupe       | Blick         | champlin.theresa@example.com     | 216-252-0302         | 2016-08-24 09:52:13 | 1996-02-19 14:05:22 |
|  19 | Theodora   | Hagenes       | ukeebler@example.com             | (038)878-8892x0967   | 2001-12-09 02:19:48 | 1996-07-04 20:47:07 |
|  20 | Kurtis     | Kuhn          | trycia.nader@example.com         | (587)425-6930x90534  | 1998-05-24 08:04:38 | 1986-09-20 05:28:32 |
|  21 | Teagan     | Heathcote     | harmon.dare@example.net          | (737)999-9939x478    | 2005-05-26 08:58:57 | 1983-04-18 13:55:09 |
|  22 | Antonetta  | Gaylord       | lstanton@example.net             | (109)543-8678x65924  | 2018-12-28 11:55:42 | 1991-03-18 02:18:14 |
|  23 | Annalise   | Lehner        | langosh.leatha@example.net       | (427)331-5924x0421   | 1997-07-01 21:13:50 | 2011-05-01 15:02:55 |
|  24 | Efren      | Gerlach       | von.jaylin@example.org           | 880-319-5575x98148   | 1984-03-04 02:35:18 | 2008-08-07 12:30:31 |
|  25 | Elyse      | Medhurst      | grady.yasmeen@example.com        | 624.980.5206x95769   | 2000-11-19 11:33:36 | 2008-12-27 05:51:54 |
|  26 | Zane       | Beier         | mueller.remington@example.com    | 753.303.3007         | 1994-06-13 21:00:31 | 2003-08-18 12:12:22 |
|  27 | Abe        | Konopelski    | mckenzie.eleazar@example.net     | 928.511.6558x0765    | 1982-01-23 15:45:21 | 2001-05-07 16:22:16 |
|  28 | Jacinto    | Champlin      | destin01@example.net             | +64(9)0247973761     | 2017-03-20 20:58:58 | 2020-05-16 02:44:26 |
|  29 | Darrell    | Lesch         | dare.harley@example.com          | 695.949.6820         | 1985-11-24 06:09:51 | 1972-12-08 08:41:00 |
|  30 | Blaise     | Wunsch        | uveum@example.org                | (757)287-9158x245    | 2014-08-24 12:26:37 | 2009-07-09 13:33:50 |
|  31 | Waldo      | Beer          | deontae.reynolds@example.org     | 1-150-940-6717x1736  | 1996-04-30 10:20:27 | 2013-07-08 09:40:47 |
|  32 | Kaylie     | Schoen        | parker.iva@example.com           | (797)249-7341x556    | 1982-02-26 18:35:25 | 1997-12-25 12:31:01 |
|  33 | Fernando   | Harvey        | wsmith@example.com               | 1-727-990-0109       | 2010-08-05 22:32:58 | 2003-02-24 00:05:32 |
|  34 | Francisco  | Mayer         | baby82@example.net               | 1-259-807-8949x118   | 2009-01-23 17:30:19 | 2015-11-24 06:17:20 |
|  35 | Osvaldo    | Wolff         | bmacejkovic@example.net          | 1-548-723-0667x2494  | 2006-11-25 12:02:10 | 1988-07-05 06:13:15 |
|  36 | Natalia    | Marvin        | swift.hanna@example.com          | 1-210-603-7007       | 1978-05-17 04:56:46 | 1974-12-09 20:30:24 |
|  37 | Maegan     | Bashirian     | ahickle@example.com              | 1-488-481-6635x269   | 1982-09-21 16:47:25 | 2004-12-26 08:21:19 |
|  38 | Lambert    | Champlin      | marge.gibson@example.net         | +50(2)5202737555     | 2013-06-03 09:34:40 | 2018-12-26 20:06:11 |
|  39 | Dandre     | Marvin        | elmer82@example.net              | 629-172-9714x9885    | 2005-03-26 07:00:39 | 2010-05-23 17:05:07 |
|  40 | Aidan      | Wisozk        | virgie41@example.com             | 05245947719          | 2002-08-28 09:08:23 | 1988-06-18 13:04:26 |
|  41 | Albertha   | Gulgowski     | boyer.aidan@example.com          | 097.364.6869x553     | 2016-04-07 02:20:24 | 2013-01-02 10:34:18 |
|  42 | Dawn       | Smitham       | marguerite.krajcik@example.com   | +55(4)0254834520     | 1972-06-04 15:19:19 | 1977-08-14 16:39:49 |
|  43 | Okey       | Volkman       | witting.marielle@example.com     | (184)758-6192x04780  | 2020-12-18 06:16:46 | 2015-10-27 22:03:49 |
|  44 | Antonette  | Mueller       | gloria.christiansen@example.net  | +05(5)6250122174     | 2019-06-20 12:59:16 | 2018-10-06 23:06:34 |
|  45 | Wellington | Renner        | lstamm@example.org               | 173-055-1632x8309    | 2016-03-11 04:33:04 | 1984-09-24 04:19:33 |
|  46 | Ayden      | Mills         | nicolas.damon@example.net        | (296)062-6788x10770  | 1988-01-25 10:15:24 | 1990-09-25 22:56:16 |
|  47 | Jayce      | Gottlieb      | foster92@example.net             | +09(4)3507749911     | 1974-02-15 10:18:00 | 2006-05-30 14:39:47 |
|  48 | Gretchen   | Kerluke       | jon09@example.net                | 426.848.6528x58217   | 1987-01-22 15:17:27 | 1972-03-16 10:02:23 |
|  49 | Rebecca    | Batz          | haag.chadrick@example.org        | 1-764-882-1211       | 2018-05-14 20:22:21 | 2004-02-17 15:55:30 |
|  50 | Oswald     | Doyle         | gutmann.price@example.net        | +43(1)7471168304     | 2015-05-09 16:55:51 | 1978-08-02 00:03:55 |
|  51 | Raleigh    | Walsh         | lowe.annabelle@example.net       | 1-721-737-4588x9724  | 2018-02-01 06:31:22 | 2009-12-10 11:05:58 |
|  52 | Matteo     | Watsica       | lauriane.oberbrunner@example.com | 364-645-2561x2343    | 2013-12-02 22:45:04 | 2019-09-20 21:48:10 |
|  53 | Bulah      | Morissette    | braxton37@example.com            | 328-146-1745         | 1988-03-31 05:29:12 | 1971-06-29 07:53:17 |
|  54 | Eulalia    | Turner        | hermann.conroy@example.org       | 05817198223          | 1992-06-14 17:07:07 | 2015-09-08 14:13:06 |
|  55 | Braden     | Keebler       | darlene.kilback@example.org      | 039.466.3724x378     | 1984-07-17 09:49:50 | 1984-05-22 13:41:14 |
|  56 | Lizzie     | Daugherty     | hmoen@example.org                | +50(2)3700169770     | 1973-01-14 16:11:33 | 1984-09-30 01:02:00 |
|  57 | Chloe      | Runolfsdottir | keanu19@example.com              | 846-790-0850x629     | 1985-09-16 02:06:13 | 2020-01-14 21:27:28 |
|  58 | Arch       | Dicki         | lkihn@example.com                | 1-358-739-0188       | 1970-01-21 20:51:41 | 2002-02-22 11:55:13 |
|  59 | Kamron     | Bogan         | jerde.tina@example.org           | 134.217.7120x50684   | 1982-10-19 11:42:14 | 1999-05-25 15:38:27 |
|  60 | Rosalee    | Gleichner     | effertz.leslie@example.com       | 528.313.5376x95110   | 2000-07-29 03:56:26 | 1974-09-30 11:43:42 |
|  61 | Marisol    | Hammes        | devyn66@example.net              | 1-582-318-5798x462   | 2018-01-28 21:00:45 | 2004-01-07 13:51:13 |
|  62 | Lauriane   | Hammes        | noel.emmerich@example.org        | 1-642-296-2482       | 2006-04-30 13:10:33 | 1979-07-17 09:48:36 |
|  63 | Allison    | Bins          | willie98@example.org             | (274)148-9373        | 2010-11-18 13:05:21 | 1970-12-27 05:53:27 |
|  64 | Pattie     | Hartmann      | delia23@example.net              | 1-549-034-6855x0569  | 2006-06-16 08:57:23 | 2005-07-14 09:03:45 |
|  65 | Nikita     | Welch         | sgerlach@example.net             | 08529845337          | 2018-06-13 03:38:35 | 1979-12-11 18:24:28 |
|  66 | Eda        | Hamill        | queenie31@example.com            | (311)448-0293        | 1987-07-04 04:14:44 | 1972-06-01 23:39:18 |
|  67 | Coby       | Koelpin       | howe.veronica@example.org        | 194.569.1257x75502   | 1980-12-11 19:44:37 | 1989-04-21 14:56:19 |
|  68 | Jett       | Reilly        | jada89@example.com               | 003.876.6232         | 1970-02-22 01:57:21 | 2003-12-24 03:06:28 |
|  69 | Marilie    | Cummings      | joseph69@example.com             | 1-326-927-3766x0123  | 1979-03-04 18:08:17 | 2006-09-06 19:16:27 |
|  70 | Larry      | Schmitt       | gcrist@example.net               | (136)053-1366x98477  | 1992-08-16 07:29:06 | 2006-05-02 22:46:13 |
|  71 | Devante    | Cormier       | dewayne54@example.com            | 867.832.8280         | 1992-08-04 12:49:10 | 1986-02-28 15:07:08 |
|  72 | Jordyn     | Ryan          | dennis34@example.com             | 811.209.5730x1995    | 2016-04-21 16:06:42 | 1972-11-22 06:31:21 |
|  73 | Yazmin     | Brown         | citlalli.grant@example.org       | +00(6)9031024765     | 1981-05-01 20:38:53 | 1989-05-17 00:29:32 |
|  74 | Stewart    | Hane          | tcollier@example.net             | 1-912-595-3686       | 1987-04-12 10:58:03 | 1993-08-16 09:53:01 |
|  75 | Jason      | Erdman        | ritchie.crystal@example.org      | (510)695-6880x1716   | 2011-02-14 19:40:30 | 1975-07-08 10:56:05 |
|  76 | Amira      | Welch         | lenny04@example.com              | (392)084-0968        | 2003-05-04 10:25:07 | 1975-02-19 12:19:42 |
|  77 | Vince      | Bogan         | dell.prosacco@example.com        | 539.988.7853x3155    | 1983-01-30 12:46:57 | 2015-06-04 00:24:05 |
|  78 | Sandy      | Bailey        | shyann68@example.com             | 303.050.1684x85097   | 1980-12-31 07:04:28 | 1987-06-09 19:54:57 |
|  79 | Cordie     | Ryan          | fritz.thompson@example.net       | 1-574-084-7870       | 2011-09-29 01:36:51 | 1990-09-21 03:40:35 |
|  80 | Elisa      | Reilly        | mortimer95@example.com           | 1-838-571-1479       | 1979-12-31 03:25:08 | 1981-06-30 23:31:25 |
|  81 | Ernesto    | Sporer        | rath.catherine@example.com       | 1-027-400-4136x3685  | 2007-06-03 18:12:30 | 1983-12-21 06:49:09 |
|  82 | Maybelle   | Larkin        | arvid90@example.com              | +75(6)6757966231     | 1973-06-12 07:31:54 | 1983-09-01 05:44:55 |
|  83 | Marilou    | Dare          | leanna82@example.org             | 989.027.0602x2495    | 1976-11-09 08:33:25 | 1978-01-05 02:38:35 |
|  84 | Alycia     | Nader         | denesik.randall@example.org      | (758)711-3376x0147   | 1970-11-13 17:57:06 | 1972-06-10 00:49:23 |
|  85 | Jaeden     | Hayes         | duncan54@example.com             | 363.619.8097x329     | 1976-02-20 21:56:42 | 1975-11-29 12:20:44 |
|  86 | Narciso    | Reynolds      | cynthia25@example.org            | 1-333-397-1850x781   | 2010-04-23 06:39:12 | 2015-10-03 18:55:17 |
|  87 | Sydni      | Schmeler      | jed.pagac@example.com            | 04279531080          | 1993-11-21 08:26:24 | 2001-05-13 15:26:12 |
|  88 | Georgette  | Homenick      | crenner@example.com              | 1-793-551-8170       | 2017-09-11 21:58:43 | 1978-08-02 22:26:36 |
|  89 | Allison    | Hudson        | moore.zula@example.com           | (926)503-2387x614    | 2005-10-05 01:23:08 | 1979-02-11 20:29:54 |
|  90 | Adah       | Grimes        | xd'amore@example.net             | 1-883-005-4633x4287  | 1983-10-15 01:04:39 | 1973-04-25 21:20:03 |
|  91 | Margaretta | Olson         | nia.mckenzie@example.net         | 024.171.3058x913     | 2020-08-26 05:30:18 | 2020-11-04 16:13:36 |
|  92 | Beau       | Hahn          | schaden.ova@example.net          | (249)427-9939x20111  | 2012-11-14 16:14:07 | 1994-03-29 17:07:46 |
|  93 | Alexander  | Baumbach      | micheal21@example.org            | (127)277-4304        | 1984-02-28 19:03:41 | 2011-11-22 15:27:48 |
|  94 | Jayda      | Okuneva       | austin34@example.net             | 898-954-9232x8222    | 2013-05-20 17:14:27 | 2013-05-26 22:13:44 |
|  95 | Zoe        | Bogisich      | eula66@example.net               | 325.643.8665         | 1973-03-31 19:10:15 | 2002-03-12 22:42:03 |
|  96 | Miguel     | Grady         | batz.myriam@example.net          | 527-718-7638x257     | 2005-03-14 02:27:22 | 2003-02-10 21:41:58 |
|  97 | Jimmie     | Keebler       | kulas.clotilde@example.org       | +44(4)6162381287     | 2006-12-10 11:16:40 | 1985-12-09 00:44:19 |
|  98 | Glenda     | Nitzsche      | odoyle@example.com               | (672)904-1730        | 1994-11-05 14:16:18 | 2017-12-02 10:07:26 |
|  99 | Abe        | Williamson    | keith.doyle@example.org          | 1-541-796-4569       | 1974-01-29 21:40:20 | 1991-12-06 05:37:04 |
| 100 | Grant      | Schmeler      | kjacobi@example.net              | 1-774-216-4462x21297 | 2010-01-02 21:37:15 | 2018-05-21 09:58:45 |
+-----+------------+---------------+----------------------------------+----------------------+---------------------+---------------------+
100 rows in set (0.00 sec)

mysql> use vk;
Database changed
mysql> alter table friendship drop column requested_at;
Query OK, 0 rows affected (0.59 sec)
Records: 0  Duplicates: 0  Warnings: 0

mysql> desc profiles;
+------------+--------------+------+-----+-------------------+-----------------------------------------------+
| Field      | Type         | Null | Key | Default           | Extra                                         |
+------------+--------------+------+-----+-------------------+-----------------------------------------------+
| user_id    | int unsigned | NO   | PRI | NULL              |                                               |
| gender     | char(1)      | NO   |     | NULL              |                                               |
| birthday   | date         | YES  |     | NULL              |                                               |
| city       | varchar(130) | YES  |     | NULL              |                                               |
| country    | varchar(130) | YES  |     | NULL              |                                               |
| created_at | datetime     | YES  |     | CURRENT_TIMESTAMP | DEFAULT_GENERATED                             |
| updated_at | datetime     | YES  |     | CURRENT_TIMESTAMP | DEFAULT_GENERATED on update CURRENT_TIMESTAMP |
+------------+--------------+------+-----+-------------------+-----------------------------------------------+
7 rows in set (0.01 sec)

mysql> select distinct gender from profiles;
+--------+
| gender |
+--------+
| "      |
+--------+
1 row in set (0.10 sec)

mysql> select  * from profiles limit 10;
+---------+--------+------------+-------------------+-----------------------------------+---------------------+---------------------+
| user_id | gender | birthday   | city              | country                           | created_at          | updated_at          |
+---------+--------+------------+-------------------+-----------------------------------+---------------------+---------------------+
|       1 | "      | 1970-01-18 | Davinview         | Canada                            | 1976-03-12 19:01:33 | 1978-12-17 17:36:30 |
|       2 | "      | 1980-10-16 | West Orphaborough | New Zealand                       | 1988-09-05 05:17:42 | 2012-03-27 14:39:00 |
|       3 | "      | 1996-04-05 | Rogeliomouth      | Zambia                            | 2016-03-19 09:34:55 | 1971-10-04 04:03:48 |
|       4 | "      | 2017-01-30 | Bashirianborough  | Germany                           | 1986-08-19 18:31:29 | 1989-04-30 05:59:44 |
|       5 | "      | 2014-12-19 | Boyleburgh        | Poland                            | 1989-07-24 08:46:10 | 1976-08-28 13:00:31 |
|       6 | "      | 1990-08-12 | West Edwinabury   | Uruguay                           | 1979-05-18 10:02:41 | 2010-12-06 03:11:36 |
|       7 | "      | 2008-02-07 | Windlerborough    | Suriname                          | 1996-07-31 07:33:52 | 2003-11-07 11:20:31 |
|       8 | "      | 1987-08-23 | New Elianmouth    | Burkina Faso                      | 1983-03-28 13:46:13 | 1970-07-25 06:53:03 |
|       9 | "      | 1979-01-15 | Gregoriotown      | Comoros                           | 2018-12-31 07:04:15 | 1972-06-09 08:56:44 |
|      10 | "      | 1984-02-23 | Paigefurt         | Heard Island and McDonald Islands | 2006-08-25 07:53:25 | 1976-01-20 16:07:18 |
+---------+--------+------------+-------------------+-----------------------------------+---------------------+---------------------+
10 rows in set (0.00 sec)

mysql> create temporary table genders (name VARCHAR(6));
Query OK, 0 rows affected (0.00 sec)

mysql> insert into genders values ('Male'), ('Female');
Query OK, 2 rows affected (0.00 sec)
Records: 2  Duplicates: 0  Warnings: 0

mysql> select * from genders;
+--------+
| name   |
+--------+
| Male   |
| Female |
+--------+
2 rows in set (0.00 sec)

mysql> update profiles
    -> set gender = (select name from genders order by rand() limit 1);
ERROR 1406 (22001): Data too long for column 'gender' at row 2

mysql> desc profiles;
+------------+--------------+------+-----+-------------------+-----------------------------------------------+
| Field      | Type         | Null | Key | Default           | Extra                                         |
+------------+--------------+------+-----+-------------------+-----------------------------------------------+
| user_id    | int unsigned | NO   | PRI | NULL              |                                               |
| gender     | char(1)      | NO   |     | NULL              |                                               |
| birthday   | date         | YES  |     | NULL              |                                               |
| city       | varchar(130) | YES  |     | NULL              |                                               |
| country    | varchar(130) | YES  |     | NULL              |                                               |
| created_at | datetime     | YES  |     | CURRENT_TIMESTAMP | DEFAULT_GENERATED                             |
| updated_at | datetime     | YES  |     | CURRENT_TIMESTAMP | DEFAULT_GENERATED on update CURRENT_TIMESTAMP |
+------------+--------------+------+-----+-------------------+-----------------------------------------------+
7 rows in set (0.00 sec)

mysql> alter table profiles modify column gender VARCHAR(6);
Query OK, 100 rows affected (0.40 sec)
Records: 100  Duplicates: 0  Warnings: 0

mysql> update profiles
    -> set gender = (select name from genders order by rand() limit 1);
Query OK, 100 rows affected (0.11 sec)
Rows matched: 100  Changed: 100  Warnings: 0

mysql> select * from profiles limit 10;
+---------+--------+------------+-------------------+-----------------------------------+---------------------+---------------------+
| user_id | gender | birthday   | city              | country                           | created_at          | updated_at          |
+---------+--------+------------+-------------------+-----------------------------------+---------------------+---------------------+
|       1 | Female | 1970-01-18 | Davinview         | Canada                            | 1976-03-12 19:01:33 | 2020-12-27 00:52:17 |
|       2 | Female | 1980-10-16 | West Orphaborough | New Zealand                       | 1988-09-05 05:17:42 | 2020-12-27 00:52:17 |
|       3 | Male   | 1996-04-05 | Rogeliomouth      | Zambia                            | 2016-03-19 09:34:55 | 2020-12-27 00:52:17 |
|       4 | Male   | 2017-01-30 | Bashirianborough  | Germany                           | 1986-08-19 18:31:29 | 2020-12-27 00:52:17 |
|       5 | Male   | 2014-12-19 | Boyleburgh        | Poland                            | 1989-07-24 08:46:10 | 2020-12-27 00:52:17 |
|       6 | Male   | 1990-08-12 | West Edwinabury   | Uruguay                           | 1979-05-18 10:02:41 | 2020-12-27 00:52:17 |
|       7 | Male   | 2008-02-07 | Windlerborough    | Suriname                          | 1996-07-31 07:33:52 | 2020-12-27 00:52:17 |
|       8 | Female | 1987-08-23 | New Elianmouth    | Burkina Faso                      | 1983-03-28 13:46:13 | 2020-12-27 00:52:17 |
|       9 | Male   | 1979-01-15 | Gregoriotown      | Comoros                           | 2018-12-31 07:04:15 | 2020-12-27 00:52:17 |
|      10 | Female | 1984-02-23 | Paigefurt         | Heard Island and McDonald Islands | 2006-08-25 07:53:25 | 2020-12-27 00:52:17 |
+---------+--------+------------+-------------------+-----------------------------------+---------------------+---------------------+
10 rows in set (0.00 sec)

mysql> select * from users limit 10;
+----+------------+-----------+-------------------------------+---------------------+---------------------+---------------------+
| id | first_name | last_name | email                         | phone               | created_at          | updated_at          |
+----+------------+-----------+-------------------------------+---------------------+---------------------+---------------------+
|  1 | Providenci | Kirlin    | mccullough.breana@example.org | (749)930-4851x31994 | 2014-12-08 05:19:01 | 1995-04-27 03:07:56 |
|  2 | Ian        | Schultz   | agleichner@example.org        | 01072595386         | 2018-02-14 07:08:06 | 1978-05-22 00:38:52 |
|  3 | Kiara      | Gorczany  | jordy.kunde@example.com       | (396)884-7646x524   | 1992-10-04 05:28:28 | 2004-10-16 12:03:29 |
|  4 | Aileen     | Rippin    | sebert@example.org            | (995)469-3086x38509 | 2011-08-09 07:38:32 | 2016-03-21 23:33:05 |
|  5 | Sophie     | Jenkins   | joanny43@example.net          | 1-169-778-7813      | 1990-04-18 21:08:35 | 2008-02-20 06:36:14 |
|  6 | Elaina     | Waelchi   | madison53@example.org         | 869.060.3991x1725   | 2015-09-29 05:06:21 | 1993-01-19 14:26:17 |
|  7 | Abdul      | Windler   | walker.keith@example.net      | (279)811-8283       | 2006-06-03 01:17:48 | 1993-11-30 07:26:31 |
|  8 | Jadyn      | DuBuque   | collins.misty@example.net     | (052)514-7069       | 1997-01-27 01:05:35 | 2014-11-30 06:21:50 |
|  9 | Zaria      | Simonis   | israel49@example.net          | 563-421-6368x14408  | 2010-09-25 11:09:45 | 1993-11-22 10:20:48 |
| 10 | Lina       | Stamm     | crystel.hayes@example.com     | 981-101-8723x226    | 2003-06-10 23:43:47 | 2016-06-21 18:07:46 |
+----+------------+-----------+-------------------------------+---------------------+---------------------+---------------------+
10 rows in set (0.00 sec)

mysql> update users set updated_at = NOW() where updated_at < created_at;
Query OK, 49 rows affected (0.14 sec)
Rows matched: 49  Changed: 49  Warnings: 0

mysql> select * from users limit 10;
+----+------------+-----------+-------------------------------+---------------------+---------------------+---------------------+
| id | first_name | last_name | email                         | phone               | created_at          | updated_at          |
+----+------------+-----------+-------------------------------+---------------------+---------------------+---------------------+
|  1 | Providenci | Kirlin    | mccullough.breana@example.org | (749)930-4851x31994 | 2014-12-08 05:19:01 | 2020-12-27 00:55:52 |
|  2 | Ian        | Schultz   | agleichner@example.org        | 01072595386         | 2018-02-14 07:08:06 | 2020-12-27 00:55:52 |
|  3 | Kiara      | Gorczany  | jordy.kunde@example.com       | (396)884-7646x524   | 1992-10-04 05:28:28 | 2004-10-16 12:03:29 |
|  4 | Aileen     | Rippin    | sebert@example.org            | (995)469-3086x38509 | 2011-08-09 07:38:32 | 2016-03-21 23:33:05 |
|  5 | Sophie     | Jenkins   | joanny43@example.net          | 1-169-778-7813      | 1990-04-18 21:08:35 | 2008-02-20 06:36:14 |
|  6 | Elaina     | Waelchi   | madison53@example.org         | 869.060.3991x1725   | 2015-09-29 05:06:21 | 2020-12-27 00:55:52 |
|  7 | Abdul      | Windler   | walker.keith@example.net      | (279)811-8283       | 2006-06-03 01:17:48 | 2020-12-27 00:55:52 |
|  8 | Jadyn      | DuBuque   | collins.misty@example.net     | (052)514-7069       | 1997-01-27 01:05:35 | 2014-11-30 06:21:50 |
|  9 | Zaria      | Simonis   | israel49@example.net          | 563-421-6368x14408  | 2010-09-25 11:09:45 | 2020-12-27 00:55:52 |
| 10 | Lina       | Stamm     | crystel.hayes@example.com     | 981-101-8723x226    | 2003-06-10 23:43:47 | 2016-06-21 18:07:46 |
+----+------------+-----------+-------------------------------+---------------------+---------------------+---------------------+
10 rows in set (0.00 sec)

mysql> desc friendship;
+----------------------+--------------+------+-----+-------------------+-----------------------------------------------+
| Field                | Type         | Null | Key | Default           | Extra                                         |
+----------------------+--------------+------+-----+-------------------+-----------------------------------------------+
| user_id              | int unsigned | NO   | PRI | NULL              |                                               |
| friend_id            | int unsigned | NO   | PRI | NULL              |                                               |
| friendship_status_id | int unsigned | NO   |     | NULL              |                                               |
| confirmed_at         | datetime     | YES  |     | NULL              |                                               |
| created_at           | datetime     | YES  |     | CURRENT_TIMESTAMP | DEFAULT_GENERATED                             |
| updated_at           | datetime     | YES  |     | CURRENT_TIMESTAMP | DEFAULT_GENERATED on update CURRENT_TIMESTAMP |
+----------------------+--------------+------+-----+-------------------+-----------------------------------------------+
6 rows in set (0.01 sec)

mysql> select * from friendship limit 10;
+---------+-----------+----------------------+---------------------+---------------------+---------------------+
| user_id | friend_id | friendship_status_id | confirmed_at        | created_at          | updated_at          |
+---------+-----------+----------------------+---------------------+---------------------+---------------------+
|       1 |         1 |                    2 | 1987-05-12 22:07:02 | 2018-08-16 09:54:52 | 1982-03-19 00:22:37 |
|       2 |         2 |                    4 | 2015-03-01 22:22:30 | 2016-10-08 04:05:53 | 1980-07-07 07:34:30 |
|       3 |         3 |                    5 | 1987-10-31 17:37:31 | 2012-12-18 01:55:29 | 2014-06-24 20:51:51 |
|       4 |         4 |                   17 | 2002-03-30 17:51:05 | 1970-05-13 07:27:06 | 1986-07-11 23:53:46 |
|       5 |         5 |                    8 | 1976-01-25 14:37:27 | 1997-09-11 08:18:11 | 2005-04-21 19:21:55 |
|       6 |         6 |                   11 | 1978-05-20 12:51:53 | 2009-12-06 17:46:34 | 2015-12-06 23:39:29 |
|       7 |         7 |                    8 | 2001-10-15 10:37:16 | 1992-03-24 00:42:28 | 1996-03-09 19:45:46 |
|       8 |         8 |                   10 | 2015-05-13 12:35:10 | 1990-11-09 19:44:08 | 2018-05-01 11:48:36 |
|       9 |         9 |                    4 | 2015-09-05 14:30:40 | 1992-07-23 23:20:48 | 2015-03-26 01:07:01 |
|      10 |        10 |                   14 | 1983-12-10 12:20:29 | 1996-09-13 08:09:38 | 1982-05-10 11:07:19 |
+---------+-----------+----------------------+---------------------+---------------------+---------------------+
10 rows in set (0.00 sec)

mysql> update friendship set updated_at = NOW() where updated_at < created_at;
Query OK, 47 rows affected (0.01 sec)
Rows matched: 47  Changed: 47  Warnings: 0

mysql> update friendship set user_id = floor(1 + rand() * 100), friend_id = floor(1 + rand() 100);
ERROR 1064 (42000): You have an error in your SQL syntax; check the manual that corresponds to your MySQL server version for the right syntax to use near '100)' at line 1
mysql> update friendship set user_id = floor(1 + rand() * 100), friend_id = floor(1 + rand() * 100);
Query OK, 100 rows affected (0.01 sec)
Rows matched: 100  Changed: 100  Warnings: 0

mysql> select * from friendship limit 10;
+---------+-----------+----------------------+---------------------+---------------------+---------------------+
| user_id | friend_id | friendship_status_id | confirmed_at        | created_at          | updated_at          |
+---------+-----------+----------------------+---------------------+---------------------+---------------------+
|       1 |        44 |                   16 | 1983-10-06 17:32:31 | 1977-02-12 11:24:52 | 2020-12-27 01:00:13 |
|       1 |        75 |                    1 | 2013-09-24 17:50:20 | 1987-09-22 01:58:08 | 2020-12-27 01:00:13 |
|       3 |         6 |                   20 | 1986-08-29 01:49:43 | 1976-07-24 15:07:57 | 2020-12-27 01:00:13 |
|       4 |         1 |                    2 | 2012-12-04 21:58:15 | 1996-12-08 09:46:59 | 2020-12-27 01:00:13 |
|       4 |        90 |                    1 | 1978-03-03 11:08:12 | 2004-04-09 04:13:26 | 2020-12-27 01:00:13 |
|       5 |        49 |                   18 | 2010-07-03 12:20:26 | 1995-10-27 12:27:13 | 2020-12-27 01:00:13 |
|       6 |        35 |                   12 | 1999-05-21 17:28:40 | 2004-04-20 06:40:10 | 2020-12-27 01:00:13 |
|       7 |         9 |                   14 | 1989-07-26 10:22:58 | 1984-07-11 18:33:13 | 2020-12-27 01:00:13 |
|       7 |        15 |                    8 | 1976-01-25 14:37:27 | 1997-09-11 08:18:11 | 2020-12-27 01:00:13 |
|       9 |         5 |                    9 | 2011-10-07 11:45:50 | 1972-12-11 07:26:09 | 2020-12-27 01:00:13 |
+---------+-----------+----------------------+---------------------+---------------------+---------------------+
10 rows in set (0.00 sec)

mysql> update friendship set confirmed_at = updated_at where confirmed_at < created_at;
Query OK, 43 rows affected (0.01 sec)
Rows matched: 43  Changed: 43  Warnings: 0

mysql> select * from friendship limit 10;
+---------+-----------+----------------------+---------------------+---------------------+---------------------+
| user_id | friend_id | friendship_status_id | confirmed_at        | created_at          | updated_at          |
+---------+-----------+----------------------+---------------------+---------------------+---------------------+
|       1 |        44 |                   16 | 1983-10-06 17:32:31 | 1977-02-12 11:24:52 | 2020-12-27 01:00:13 |
|       1 |        75 |                    1 | 2013-09-24 17:50:20 | 1987-09-22 01:58:08 | 2020-12-27 01:00:13 |
|       3 |         6 |                   20 | 1986-08-29 01:49:43 | 1976-07-24 15:07:57 | 2020-12-27 01:00:13 |
|       4 |         1 |                    2 | 2012-12-04 21:58:15 | 1996-12-08 09:46:59 | 2020-12-27 01:00:13 |
|       4 |        90 |                    1 | 2020-12-27 01:00:13 | 2004-04-09 04:13:26 | 2020-12-27 01:03:16 |
|       5 |        49 |                   18 | 2010-07-03 12:20:26 | 1995-10-27 12:27:13 | 2020-12-27 01:00:13 |
|       6 |        35 |                   12 | 2020-12-27 01:00:13 | 2004-04-20 06:40:10 | 2020-12-27 01:03:16 |
|       7 |         9 |                   14 | 1989-07-26 10:22:58 | 1984-07-11 18:33:13 | 2020-12-27 01:00:13 |
|       7 |        15 |                    8 | 2020-12-27 01:00:13 | 1997-09-11 08:18:11 | 2020-12-27 01:03:16 |
|       9 |         5 |                    9 | 2011-10-07 11:45:50 | 1972-12-11 07:26:09 | 2020-12-27 01:00:13 |
+---------+-----------+----------------------+---------------------+---------------------+---------------------+
10 rows in set (0.00 sec)

mysql> select * from messages limit 10;
+----+--------------+------------+------------------------------------------------------------------------------------------------------------------------------------------------------------------------------------------------------------------------------------------------------------------------+--------------+--------------+---------------------+
| id | from_user_id | to_user_id | body                                                                                                                                                                                                                                                                   | is_important | is_delivered | created_at          |
+----+--------------+------------+------------------------------------------------------------------------------------------------------------------------------------------------------------------------------------------------------------------------------------------------------------------------+--------------+--------------+---------------------+
|  1 |            1 |          1 | Molestiae quia sint et ut modi. Ex ut ut omnis delectus magnam dignissimos. Molestiae voluptas odit omnis rem. Soluta sed non qui.                                                                                                                                     |            0 |            0 | 1993-08-13 09:55:18 |
|  2 |            2 |          2 | Aut nihil repellat nemo eos ut qui et eaque. Dolorum repudiandae soluta quia voluptates vitae illum. Nulla voluptas laborum veniam et. Quis tenetur non ex dicta.                                                                                                      |            1 |            1 | 1989-07-25 07:13:28 |
|  3 |            3 |          3 | Quisquam possimus laborum id sed est et veritatis. Dicta molestiae officia magni provident sed debitis. Voluptates rem delectus enim. Voluptas aliquam consequuntur quia omnis est sequi ex.                                                                           |            1 |            1 | 1978-07-06 20:22:42 |
|  4 |            4 |          4 | Voluptates quaerat ut error cupiditate voluptatem ipsum corrupti et. Qui corporis tempora id facilis velit. Vel et quam atque rerum quisquam incidunt. Et velit optio autem cupiditate incidunt dignissimos. Iure iure et asperiores tenetur iste facere quis.         |            0 |            0 | 1998-06-23 13:27:49 |
|  5 |            5 |          5 | Inventore eos voluptatibus sapiente placeat sed. Consequuntur occaecati incidunt necessitatibus possimus aspernatur. Sed blanditiis rerum veniam repellendus. Temporibus maxime et consequuntur quis soluta nihil quis. Iure tempora rem mollitia molestias et eos id. |            1 |            0 | 2009-05-26 17:03:28 |
|  6 |            6 |          6 | Facilis minima earum doloribus nisi est. Explicabo rerum est veniam aut saepe vero magni iusto. Recusandae quis molestias minus unde est saepe. Cumque voluptatem sint est est quibusdam assumenda saepe.                                                              |            0 |            0 | 1986-01-22 15:59:55 |
|  7 |            7 |          7 | Ducimus sunt in et enim qui minus. Id laudantium minus quia. Quam officia est ut fuga excepturi consectetur eligendi. Temporibus quo consequatur voluptas odio.                                                                                                        |            1 |            1 | 1974-05-11 09:06:56 |
|  8 |            8 |          8 | Dolores aspernatur natus aut qui reprehenderit. Ut nam aspernatur incidunt molestiae suscipit ea omnis dolor. Incidunt in omnis sunt dignissimos.                                                                                                                      |            1 |            0 | 2009-10-14 01:21:13 |
|  9 |            9 |          9 | Nihil voluptates velit consectetur ut tempora sint. Id atque a dolor perspiciatis aut. Aut repellendus debitis sit accusamus sed voluptatum delectus. Consequatur vitae sint nulla laborum eum aut.                                                                    |            0 |            0 | 1985-01-03 02:17:16 |
| 10 |           10 |         10 | Consequatur rerum velit earum sit ad. Quas ducimus porro eum ut. Tempore eos exercitationem dolores. Optio molestias eum fugit enim eos.                                                                                                                               |            1 |            1 | 2013-10-18 15:13:55 |
+----+--------------+------------+------------------------------------------------------------------------------------------------------------------------------------------------------------------------------------------------------------------------------------------------------------------------+--------------+--------------+---------------------+
10 rows in set (0.00 sec)

mysql> update messages set from_user_id = floor(1 + rand() * 100), to_user_id = floor(1 + rand() * 100);
Query OK, 100 rows affected (0.01 sec)
Rows matched: 100  Changed: 100  Warnings: 0

mysql> select * from messages limit 10;
+----+--------------+------------+------------------------------------------------------------------------------------------------------------------------------------------------------------------------------------------------------------------------------------------------------------------------+--------------+--------------+---------------------+
| id | from_user_id | to_user_id | body                                                                                                                                                                                                                                                                   | is_important | is_delivered | created_at          |
+----+--------------+------------+------------------------------------------------------------------------------------------------------------------------------------------------------------------------------------------------------------------------------------------------------------------------+--------------+--------------+---------------------+
|  1 |           31 |         20 | Molestiae quia sint et ut modi. Ex ut ut omnis delectus magnam dignissimos. Molestiae voluptas odit omnis rem. Soluta sed non qui.                                                                                                                                     |            0 |            0 | 1993-08-13 09:55:18 |
|  2 |            5 |         67 | Aut nihil repellat nemo eos ut qui et eaque. Dolorum repudiandae soluta quia voluptates vitae illum. Nulla voluptas laborum veniam et. Quis tenetur non ex dicta.                                                                                                      |            1 |            1 | 1989-07-25 07:13:28 |
|  3 |           19 |         94 | Quisquam possimus laborum id sed est et veritatis. Dicta molestiae officia magni provident sed debitis. Voluptates rem delectus enim. Voluptas aliquam consequuntur quia omnis est sequi ex.                                                                           |            1 |            1 | 1978-07-06 20:22:42 |
|  4 |           12 |         76 | Voluptates quaerat ut error cupiditate voluptatem ipsum corrupti et. Qui corporis tempora id facilis velit. Vel et quam atque rerum quisquam incidunt. Et velit optio autem cupiditate incidunt dignissimos. Iure iure et asperiores tenetur iste facere quis.         |            0 |            0 | 1998-06-23 13:27:49 |
|  5 |           44 |         92 | Inventore eos voluptatibus sapiente placeat sed. Consequuntur occaecati incidunt necessitatibus possimus aspernatur. Sed blanditiis rerum veniam repellendus. Temporibus maxime et consequuntur quis soluta nihil quis. Iure tempora rem mollitia molestias et eos id. |            1 |            0 | 2009-05-26 17:03:28 |
|  6 |           27 |         57 | Facilis minima earum doloribus nisi est. Explicabo rerum est veniam aut saepe vero magni iusto. Recusandae quis molestias minus unde est saepe. Cumque voluptatem sint est est quibusdam assumenda saepe.                                                              |            0 |            0 | 1986-01-22 15:59:55 |
|  7 |            4 |         47 | Ducimus sunt in et enim qui minus. Id laudantium minus quia. Quam officia est ut fuga excepturi consectetur eligendi. Temporibus quo consequatur voluptas odio.                                                                                                        |            1 |            1 | 1974-05-11 09:06:56 |
|  8 |           26 |         86 | Dolores aspernatur natus aut qui reprehenderit. Ut nam aspernatur incidunt molestiae suscipit ea omnis dolor. Incidunt in omnis sunt dignissimos.                                                                                                                      |            1 |            0 | 2009-10-14 01:21:13 |
|  9 |           50 |         94 | Nihil voluptates velit consectetur ut tempora sint. Id atque a dolor perspiciatis aut. Aut repellendus debitis sit accusamus sed voluptatum delectus. Consequatur vitae sint nulla laborum eum aut.                                                                    |            0 |            0 | 1985-01-03 02:17:16 |
| 10 |           20 |         17 | Consequatur rerum velit earum sit ad. Quas ducimus porro eum ut. Tempore eos exercitationem dolores. Optio molestias eum fugit enim eos.                                                                                                                               |            1 |            1 | 2013-10-18 15:13:55 |
+----+--------------+------------+------------------------------------------------------------------------------------------------------------------------------------------------------------------------------------------------------------------------------------------------------------------------+--------------+--------------+---------------------+
10 rows in set (0.00 sec)

mysql> select * from friendship_statuses;
+-----+------+---------------------+---------------------+
| id  | name | created_at          | updated_at          |
+-----+------+---------------------+---------------------+
| 101 | 9    | 2005-02-07 20:38:36 | 1989-10-21 09:36:49 |
| 102 | 4    | 2014-12-27 18:22:03 | 2014-10-06 14:42:02 |
| 103 | 1    | 1984-11-01 07:46:10 | 1990-08-07 09:10:19 |
| 104 | 20   | 2014-08-03 18:43:55 | 1980-01-20 05:33:32 |
| 105 | 15   | 2013-02-24 01:12:59 | 1971-12-28 05:57:56 |
| 106 | 13   | 1990-05-24 12:49:10 | 2012-11-27 01:46:55 |
| 107 | 18   | 1996-07-24 19:52:59 | 1974-12-02 20:30:03 |
| 108 | 7    | 1998-09-07 02:35:56 | 1993-01-21 13:39:23 |
| 110 | 17   | 1973-07-03 13:59:52 | 2008-01-04 00:20:19 |
| 114 | 11   | 1983-11-03 12:23:34 | 2004-07-19 03:42:34 |
| 118 | 12   | 1975-03-19 00:10:24 | 1991-02-02 02:18:28 |
| 121 | 2    | 1982-08-01 16:25:57 | 2011-12-06 15:27:38 |
| 123 | 19   | 1991-11-05 16:35:59 | 1977-11-12 03:04:39 |
| 125 | 14   | 2014-01-10 05:54:06 | 1986-09-25 07:10:03 |
| 127 | 8    | 1992-01-18 07:19:41 | 2018-01-16 07:22:09 |
| 134 | 6    | 1993-02-21 14:29:57 | 2005-02-23 01:00:03 |
| 148 | 10   | 1978-08-28 01:16:51 | 1974-10-27 06:59:02 |
| 152 | 16   | 2006-02-18 12:58:58 | 1980-07-05 23:45:05 |
| 160 | 3    | 1980-12-31 04:36:31 | 2007-09-28 11:23:37 |
+-----+------+---------------------+---------------------+
19 rows in set (0.00 sec)

mysql> update friendship_statuses set updated_at = now() where updated_at < created_at;
Query OK, 10 rows affected (0.01 sec)
Rows matched: 10  Changed: 10  Warnings: 0

mysql> select * from friendship_statuses;
+-----+------+---------------------+---------------------+
| id  | name | created_at          | updated_at          |
+-----+------+---------------------+---------------------+
| 101 | 9    | 2005-02-07 20:38:36 | 2020-12-27 01:17:08 |
| 102 | 4    | 2014-12-27 18:22:03 | 2020-12-27 01:17:08 |
| 103 | 1    | 1984-11-01 07:46:10 | 1990-08-07 09:10:19 |
| 104 | 20   | 2014-08-03 18:43:55 | 2020-12-27 01:17:08 |
| 105 | 15   | 2013-02-24 01:12:59 | 2020-12-27 01:17:08 |
| 106 | 13   | 1990-05-24 12:49:10 | 2012-11-27 01:46:55 |
| 107 | 18   | 1996-07-24 19:52:59 | 2020-12-27 01:17:08 |
| 108 | 7    | 1998-09-07 02:35:56 | 2020-12-27 01:17:08 |
| 110 | 17   | 1973-07-03 13:59:52 | 2008-01-04 00:20:19 |
| 114 | 11   | 1983-11-03 12:23:34 | 2004-07-19 03:42:34 |
| 118 | 12   | 1975-03-19 00:10:24 | 1991-02-02 02:18:28 |
| 121 | 2    | 1982-08-01 16:25:57 | 2011-12-06 15:27:38 |
| 123 | 19   | 1991-11-05 16:35:59 | 2020-12-27 01:17:08 |
| 125 | 14   | 2014-01-10 05:54:06 | 2020-12-27 01:17:08 |
| 127 | 8    | 1992-01-18 07:19:41 | 2018-01-16 07:22:09 |
| 134 | 6    | 1993-02-21 14:29:57 | 2005-02-23 01:00:03 |
| 148 | 10   | 1978-08-28 01:16:51 | 2020-12-27 01:17:08 |
| 152 | 16   | 2006-02-18 12:58:58 | 2020-12-27 01:17:08 |
| 160 | 3    | 1980-12-31 04:36:31 | 2007-09-28 11:23:37 |
+-----+------+---------------------+---------------------+
19 rows in set (0.00 sec)

mysql> select * from friendship_statuses order by name;
+-----+------+---------------------+---------------------+
| id  | name | created_at          | updated_at          |
+-----+------+---------------------+---------------------+
| 103 | 1    | 1984-11-01 07:46:10 | 1990-08-07 09:10:19 |
| 148 | 10   | 1978-08-28 01:16:51 | 2020-12-27 01:17:08 |
| 114 | 11   | 1983-11-03 12:23:34 | 2004-07-19 03:42:34 |
| 118 | 12   | 1975-03-19 00:10:24 | 1991-02-02 02:18:28 |
| 106 | 13   | 1990-05-24 12:49:10 | 2012-11-27 01:46:55 |
| 125 | 14   | 2014-01-10 05:54:06 | 2020-12-27 01:17:08 |
| 105 | 15   | 2013-02-24 01:12:59 | 2020-12-27 01:17:08 |
| 152 | 16   | 2006-02-18 12:58:58 | 2020-12-27 01:17:08 |
| 110 | 17   | 1973-07-03 13:59:52 | 2008-01-04 00:20:19 |
| 107 | 18   | 1996-07-24 19:52:59 | 2020-12-27 01:17:08 |
| 123 | 19   | 1991-11-05 16:35:59 | 2020-12-27 01:17:08 |
| 121 | 2    | 1982-08-01 16:25:57 | 2011-12-06 15:27:38 |
| 104 | 20   | 2014-08-03 18:43:55 | 2020-12-27 01:17:08 |
| 160 | 3    | 1980-12-31 04:36:31 | 2007-09-28 11:23:37 |
| 102 | 4    | 2014-12-27 18:22:03 | 2020-12-27 01:17:08 |
| 134 | 6    | 1993-02-21 14:29:57 | 2005-02-23 01:00:03 |
| 108 | 7    | 1998-09-07 02:35:56 | 2020-12-27 01:17:08 |
| 127 | 8    | 1992-01-18 07:19:41 | 2018-01-16 07:22:09 |
| 101 | 9    | 2005-02-07 20:38:36 | 2020-12-27 01:17:08 |
+-----+------+---------------------+---------------------+
19 rows in set (0.00 sec)

mysql> select * from communities limit 10;
+----+-----------+---------------------+---------------------+
| id | name      | created_at          | updated_at          |
+----+-----------+---------------------+---------------------+
|  1 | voluptate | 2001-07-09 05:48:42 | 1991-02-05 09:21:08 |
|  2 | quibusdam | 2014-01-31 02:34:20 | 1985-07-24 11:03:37 |
|  3 | quasi     | 2020-04-22 22:34:49 | 2000-07-15 22:12:38 |
|  4 | aperiam   | 2018-08-30 13:46:01 | 1976-07-30 23:28:29 |
|  5 | velit     | 2016-02-22 03:55:39 | 1984-08-02 05:10:16 |
|  6 | et        | 1976-05-16 22:04:29 | 1978-02-21 00:36:31 |
|  7 | impedit   | 1999-06-13 23:11:14 | 1974-05-20 11:01:17 |
|  8 | ratione   | 2014-09-14 05:55:11 | 2014-07-28 18:30:21 |
|  9 | fugiat    | 2002-11-24 14:28:19 | 2019-01-01 02:18:41 |
| 10 | qui       | 1991-06-09 17:12:40 | 2002-09-18 00:05:43 |
+----+-----------+---------------------+---------------------+
10 rows in set (0.00 sec)

mysql> update communities set updated_at = now() where updated_at < created_at;
Query OK, 61 rows affected (0.11 sec)
Rows matched: 61  Changed: 61  Warnings: 0

mysql> select * from communities limit 10;
+----+-----------+---------------------+---------------------+
| id | name      | created_at          | updated_at          |
+----+-----------+---------------------+---------------------+
|  1 | voluptate | 2001-07-09 05:48:42 | 2020-12-27 01:30:07 |
|  2 | quibusdam | 2014-01-31 02:34:20 | 2020-12-27 01:30:07 |
|  3 | quasi     | 2020-04-22 22:34:49 | 2020-12-27 01:30:07 |
|  4 | aperiam   | 2018-08-30 13:46:01 | 2020-12-27 01:30:07 |
|  5 | velit     | 2016-02-22 03:55:39 | 2020-12-27 01:30:07 |
|  6 | et        | 1976-05-16 22:04:29 | 1978-02-21 00:36:31 |
|  7 | impedit   | 1999-06-13 23:11:14 | 2020-12-27 01:30:07 |
|  8 | ratione   | 2014-09-14 05:55:11 | 2020-12-27 01:30:07 |
|  9 | fugiat    | 2002-11-24 14:28:19 | 2019-01-01 02:18:41 |
| 10 | qui       | 1991-06-09 17:12:40 | 2002-09-18 00:05:43 |
+----+-----------+---------------------+---------------------+
10 rows in set (0.00 sec)

mysql> select * from communities_users limit 10;
+--------------+---------+---------------------+
| community_id | user_id | created_at          |
+--------------+---------+---------------------+
|            1 |       1 | 1998-02-12 21:48:55 |
|            2 |       2 | 1977-01-09 16:34:09 |
|            3 |       3 | 1974-12-23 13:09:32 |
|            4 |       4 | 2006-02-18 13:26:35 |
|            5 |       5 | 1996-08-31 10:32:47 |
|            6 |       6 | 1993-08-05 05:35:37 |
|            7 |       7 | 2015-11-03 20:51:57 |
|            8 |       8 | 2018-09-13 00:54:25 |
|            9 |       9 | 1987-08-15 20:16:50 |
|           10 |      10 | 2018-12-19 18:07:50 |
+--------------+---------+---------------------+
10 rows in set (0.00 sec)

mysql> update communities_users set community_id = floor(1 + rand() * 20);
Query OK, 100 rows affected (0.03 sec)
Rows matched: 100  Changed: 100  Warnings: 0

mysql> select count(*) from communities_users where community_id > 20;
+----------+
| count(*) |
+----------+
|        0 |
+----------+
1 row in set (0.00 sec)

mysql> select * from communities_users limit 100;
+--------------+---------+---------------------+
| community_id | user_id | created_at          |
+--------------+---------+---------------------+
|            1 |       5 | 1996-08-31 10:32:47 |
|            1 |      22 | 2011-12-05 12:29:04 |
|            1 |      30 | 1971-09-20 09:05:33 |
|            1 |      32 | 1987-01-06 06:44:14 |
|            1 |      35 | 1987-09-06 23:52:28 |
|            1 |      90 | 2013-04-11 07:49:46 |
|            2 |      20 | 1993-08-07 12:16:26 |
|            2 |      82 | 2016-01-15 15:59:17 |
|            2 |      85 | 2012-12-27 22:43:11 |
|            2 |      95 | 1987-12-30 10:12:00 |
|            3 |      29 | 1980-10-04 18:26:58 |
|            3 |      41 | 2009-03-12 04:58:51 |
|            3 |      43 | 1997-05-17 22:37:05 |
|            3 |      46 | 2003-04-30 20:40:22 |
|            3 |      62 | 1977-07-05 05:52:35 |
|            3 |      63 | 2018-07-01 13:24:23 |
|            3 |      74 | 1999-07-18 17:54:29 |
|            4 |      10 | 2018-12-19 18:07:50 |
|            4 |      61 | 1976-07-08 19:06:25 |
|            4 |      70 | 2008-07-14 14:40:32 |
|            4 |      78 | 1988-01-21 04:25:11 |
|            5 |       3 | 1974-12-23 13:09:32 |
|            5 |       8 | 2018-09-13 00:54:25 |
|            5 |      13 | 2011-03-17 01:13:44 |
|            5 |      49 | 2003-11-17 02:00:55 |
|            5 |      56 | 1977-10-09 05:32:15 |
|            5 |      60 | 1973-07-23 00:59:37 |
|            5 |      64 | 2003-08-17 16:56:15 |
|            5 |      75 | 2007-09-01 22:56:40 |
|            5 |      86 | 2009-11-22 08:44:03 |
|            5 |      94 | 2002-03-02 23:50:25 |
|            5 |      98 | 2002-02-05 19:00:49 |
|            5 |      99 | 2009-11-10 23:44:20 |
|            6 |      18 | 1970-02-17 23:53:44 |
|            6 |      21 | 2008-05-15 13:20:20 |
|            6 |      53 | 1992-12-18 18:48:50 |
|            6 |      72 | 1976-08-24 10:05:23 |
|            6 |      97 | 1982-03-21 01:07:51 |
|            7 |      17 | 1990-03-07 17:18:29 |
|            7 |      23 | 2004-05-13 08:47:00 |
|            7 |      37 | 2020-04-16 04:26:36 |
|            7 |      77 | 1991-05-10 14:17:48 |
|            7 |      91 | 2013-10-18 18:33:26 |
|            8 |      12 | 1982-06-29 07:25:43 |
|            8 |      19 | 1999-04-28 09:28:15 |
|            8 |      26 | 1975-03-11 04:36:02 |
|            8 |      27 | 2011-10-03 15:05:35 |
|            8 |      80 | 1994-07-25 14:32:18 |
|            8 |      84 | 2014-10-26 09:05:49 |
|            9 |      48 | 2010-12-26 21:48:22 |
|           10 |       1 | 1998-02-12 21:48:55 |
|           10 |      54 | 1974-12-04 17:47:28 |
|           11 |       2 | 1977-01-09 16:34:09 |
|           11 |       4 | 2006-02-18 13:26:35 |
|           11 |      33 | 2001-08-05 02:25:32 |
|           11 |      55 | 1991-03-31 17:26:30 |
|           11 |      57 | 2003-03-25 00:50:53 |
|           12 |       6 | 1993-08-05 05:35:37 |
|           12 |      11 | 1987-04-18 15:07:20 |
|           12 |      24 | 2009-09-03 19:40:04 |
|           12 |      45 | 2020-05-09 00:28:55 |
|           12 |      68 | 2007-10-02 21:54:09 |
|           12 |      71 | 2020-07-28 19:42:02 |
|           12 |      89 | 2020-11-22 23:28:21 |
|           12 |      92 | 2005-02-10 15:22:11 |
|           12 |     100 | 1994-06-26 02:56:48 |
|           13 |      40 | 2003-03-18 02:40:23 |
|           13 |      44 | 2008-01-11 02:26:11 |
|           13 |      52 | 2020-10-22 10:13:06 |
|           13 |      88 | 2013-05-20 08:28:53 |
|           14 |      39 | 1976-10-12 12:50:26 |
|           14 |      42 | 1974-09-12 18:06:24 |
|           14 |      51 | 1970-05-29 06:02:03 |
|           14 |      65 | 2006-10-03 06:58:10 |
|           14 |      96 | 1983-04-17 13:03:12 |
|           15 |      34 | 2016-02-05 10:24:24 |
|           16 |       7 | 2015-11-03 20:51:57 |
|           16 |       9 | 1987-08-15 20:16:50 |
|           16 |      69 | 1982-03-11 12:22:06 |
|           17 |      16 | 1979-07-02 22:53:46 |
|           17 |      25 | 1975-10-23 19:42:42 |
|           17 |      31 | 1986-07-19 08:03:47 |
|           17 |      66 | 2007-05-03 22:57:18 |
|           17 |      73 | 1991-01-17 01:22:16 |
|           17 |      76 | 2014-06-12 07:29:45 |
|           17 |      81 | 1972-11-24 04:23:59 |
|           17 |      87 | 1976-03-04 18:11:22 |
|           18 |      28 | 2014-08-23 18:54:43 |
|           18 |      36 | 2006-11-26 12:31:54 |
|           18 |      50 | 2009-12-11 02:07:12 |
|           19 |      14 | 1973-02-22 07:07:11 |
|           19 |      15 | 1978-08-31 07:28:31 |
|           19 |      38 | 1987-01-04 08:55:55 |
|           19 |      58 | 1999-09-22 20:19:03 |
|           19 |      83 | 1978-10-26 08:32:04 |
|           20 |      47 | 1979-06-04 18:00:25 |
|           20 |      59 | 1981-04-06 01:35:52 |
|           20 |      67 | 2002-02-01 07:23:49 |
|           20 |      79 | 1997-05-27 01:12:24 |
|           20 |      93 | 1985-06-28 08:47:40 |
+--------------+---------+---------------------+
100 rows in set (0.00 sec)

mysql> select * from media limit 10;
Empty set (0.00 sec)

mysql> select * from media_types limit 10;
+----+-------+---------------------+---------------------+
| id | name  | created_at          | updated_at          |
+----+-------+---------------------+---------------------+
|  1 | exe   | 1977-04-24 04:18:13 | 2001-02-03 17:32:46 |
|  2 | stc   | 1992-01-14 12:19:18 | 2011-08-27 04:57:04 |
|  3 | xdm   | 1996-09-16 20:55:04 | 1998-07-17 04:05:34 |
|  4 | ots   | 1979-06-24 18:07:09 | 1971-08-06 02:26:08 |
|  5 | wdb   | 1978-07-17 16:35:55 | 1993-04-25 23:38:38 |
|  6 | opml  | 2003-05-23 15:11:42 | 2006-12-23 17:34:56 |
|  7 | crd   | 1993-09-23 11:17:56 | 1970-08-27 02:11:32 |
|  8 | xar   | 2012-06-16 21:35:12 | 2005-06-04 10:36:30 |
|  9 | scurl | 1971-09-23 01:49:50 | 2001-08-26 00:48:22 |
| 10 | kon   | 2017-12-15 19:10:57 | 2006-12-22 15:27:09 |
+----+-------+---------------------+---------------------+
10 rows in set (0.00 sec)

mysql> select * from media_types limit 100;
+-----+------------+---------------------+---------------------+
| id  | name       | created_at          | updated_at          |
+-----+------------+---------------------+---------------------+
|   1 | exe        | 1977-04-24 04:18:13 | 2001-02-03 17:32:46 |
|   2 | stc        | 1992-01-14 12:19:18 | 2011-08-27 04:57:04 |
|   3 | xdm        | 1996-09-16 20:55:04 | 1998-07-17 04:05:34 |
|   4 | ots        | 1979-06-24 18:07:09 | 1971-08-06 02:26:08 |
|   5 | wdb        | 1978-07-17 16:35:55 | 1993-04-25 23:38:38 |
|   6 | opml       | 2003-05-23 15:11:42 | 2006-12-23 17:34:56 |
|   7 | crd        | 1993-09-23 11:17:56 | 1970-08-27 02:11:32 |
|   8 | xar        | 2012-06-16 21:35:12 | 2005-06-04 10:36:30 |
|   9 | scurl      | 1971-09-23 01:49:50 | 2001-08-26 00:48:22 |
|  10 | kon        | 2017-12-15 19:10:57 | 2006-12-22 15:27:09 |
|  11 | stw        | 2002-08-11 08:57:30 | 1982-09-15 19:12:08 |
|  12 | ims        | 1973-04-05 13:36:57 | 1977-06-26 10:40:17 |
|  13 | mng        | 2016-03-16 04:18:04 | 1992-04-05 11:50:22 |
|  14 | rm         | 1993-08-09 00:24:48 | 2015-10-30 12:16:34 |
|  15 | tmo        | 1977-10-16 03:18:24 | 1976-07-21 19:05:45 |
|  16 | html       | 2017-06-13 07:03:35 | 1977-11-10 19:30:24 |
|  17 | sxc        | 2000-07-18 16:43:04 | 1996-09-05 23:32:04 |
|  18 | otg        | 1988-08-15 02:12:06 | 2008-07-08 21:14:11 |
|  19 | ssf        | 2017-01-23 08:57:39 | 2011-04-24 16:54:04 |
|  20 | ulx        | 1974-12-13 12:52:06 | 1996-11-28 11:39:39 |
|  21 | skt        | 2002-12-04 07:05:36 | 2001-03-08 09:54:54 |
|  22 | uvd        | 1993-01-11 22:28:57 | 1989-07-21 16:59:40 |
|  23 | sitx       | 1990-08-29 08:54:57 | 2019-03-28 01:53:38 |
|  24 | ufd        | 1997-04-07 11:44:24 | 1984-04-30 01:34:55 |
|  25 | karbon     | 2005-03-02 22:31:39 | 1993-04-08 15:17:05 |
|  26 | std        | 1995-08-08 11:31:01 | 2010-12-05 15:59:41 |
|  27 | rdz        | 2015-09-10 16:45:56 | 2020-11-07 06:47:43 |
|  28 | psd        | 1970-04-30 08:09:51 | 1994-03-03 19:18:01 |
|  29 | rif        | 1988-08-19 09:57:18 | 1985-06-08 03:39:27 |
|  30 | xlsm       | 1996-06-23 22:55:49 | 2013-12-05 13:03:38 |
|  31 | webp       | 1992-04-11 09:57:39 | 1986-05-25 00:44:20 |
|  32 | xbap       | 1975-01-24 17:33:49 | 1973-07-22 13:55:18 |
|  33 | mmr        | 1978-03-28 05:39:25 | 1979-08-25 00:54:42 |
|  34 | sxm        | 1994-04-24 07:51:55 | 1975-07-30 16:15:04 |
|  35 | vxml       | 2007-10-06 11:47:31 | 1983-08-01 18:43:08 |
|  36 | pnm        | 2000-08-07 08:29:58 | 1978-03-06 19:40:30 |
|  37 | flx        | 2014-02-11 10:48:35 | 2000-03-30 08:31:12 |
|  38 | 7z         | 1991-05-02 17:52:36 | 1991-05-06 14:23:27 |
|  39 | vtu        | 1992-01-10 13:52:47 | 1987-01-23 22:27:40 |
|  40 | sti        | 2019-11-19 23:51:55 | 2000-12-03 12:59:07 |
|  41 | kfo        | 2016-07-15 02:37:57 | 1996-06-12 13:27:27 |
|  42 | xap        | 1995-06-04 05:52:22 | 2016-05-21 20:28:25 |
|  43 | mp4a       | 1989-12-26 05:43:40 | 1977-05-09 10:08:39 |
|  44 | xaml       | 2014-05-03 11:02:10 | 2017-07-19 23:58:16 |
|  45 | csv        | 1992-08-12 01:54:57 | 2006-07-20 12:15:08 |
|  46 | wvx        | 2013-07-03 18:55:02 | 1984-06-12 01:40:37 |
|  47 | wmlsc      | 1982-07-26 18:48:04 | 2006-08-10 02:35:43 |
|  48 | xpm        | 1971-05-28 07:25:17 | 2020-12-12 23:14:31 |
|  49 | xltm       | 1987-03-05 20:08:28 | 2006-08-10 00:03:28 |
|  50 | ogv        | 1979-12-11 08:21:39 | 1986-07-10 03:05:34 |
|  51 | ods        | 1983-01-15 06:31:32 | 1976-08-04 06:48:18 |
|  52 | mpga       | 1977-12-22 00:14:56 | 2019-09-04 17:57:58 |
|  53 | f4v        | 2016-10-18 11:06:19 | 1983-09-22 07:15:33 |
|  54 | pkipath    | 1981-10-02 05:22:10 | 1974-07-19 03:53:36 |
|  55 | ftc        | 2005-12-18 23:51:33 | 1976-10-12 08:43:19 |
|  56 | wmx        | 1976-10-16 02:09:55 | 1991-08-08 03:07:41 |
|  57 | mie        | 1985-01-18 14:14:15 | 2012-12-09 22:55:49 |
|  58 | xlf        | 1988-04-07 21:16:00 | 1984-04-15 11:53:11 |
|  59 | xbm        | 2019-09-07 08:40:06 | 2017-11-21 18:56:05 |
|  60 | jpm        | 2017-10-29 15:36:49 | 1997-09-27 04:03:08 |
|  61 | emma       | 2011-10-23 00:11:14 | 1982-08-14 11:57:17 |
|  62 | geo        | 1989-05-12 13:56:12 | 1998-09-27 21:41:56 |
|  63 | dxf        | 1985-05-24 20:51:40 | 2017-05-19 02:04:22 |
|  64 | wml        | 2005-09-24 10:25:40 | 1982-10-17 20:54:02 |
|  65 | xo         | 1985-07-08 15:29:00 | 2009-01-30 21:12:23 |
|  66 | xslt       | 1992-11-25 22:31:46 | 1982-05-23 01:20:22 |
|  67 | sfv        | 2006-02-05 09:32:11 | 1997-05-11 11:57:17 |
|  68 | pptx       | 2003-09-20 10:05:58 | 2007-03-13 06:56:24 |
|  69 | sse        | 1971-08-18 05:19:06 | 2000-06-29 02:31:58 |
|  70 | mts        | 2002-01-07 05:47:08 | 1978-10-13 04:11:26 |
|  71 | odc        | 2010-05-27 20:50:32 | 1999-07-04 07:23:17 |
|  72 | mmf        | 1986-01-27 08:44:48 | 2003-10-25 08:17:09 |
|  73 | pls        | 1976-11-04 04:59:32 | 2015-09-01 00:04:02 |
|  74 | atom       | 2008-12-23 17:09:09 | 2011-07-04 08:37:33 |
|  75 | qxb        | 2016-03-23 00:02:14 | 2011-03-21 22:19:30 |
|  76 | asm        | 1986-05-19 04:35:02 | 2018-04-25 20:56:07 |
|  77 | asf        | 2017-09-02 03:38:40 | 2016-01-22 16:30:50 |
|  78 | rmvb       | 2013-02-04 04:40:55 | 2010-06-04 06:07:12 |
|  79 | rss        | 1998-12-20 15:00:14 | 1977-02-19 19:03:02 |
|  80 | wbxml      | 1986-01-20 22:33:04 | 1996-09-03 05:55:40 |
|  81 | cryptonote | 2020-12-13 08:19:34 | 2015-06-17 13:30:45 |
|  82 | nsf        | 2008-03-16 13:29:42 | 1997-09-10 14:08:16 |
|  83 | xvm        | 1975-05-15 14:02:11 | 2005-08-12 10:28:44 |
|  84 | fst        | 1994-04-17 18:44:43 | 2011-01-04 07:50:59 |
|  85 | curl       | 2003-02-09 17:35:53 | 2018-01-10 13:27:02 |
|  86 | torrent    | 2005-05-01 14:41:40 | 1972-06-09 00:26:42 |
|  87 | sus        | 1975-02-13 06:21:24 | 1972-04-07 19:11:04 |
|  88 | gdl        | 1983-12-13 07:44:56 | 1996-04-16 14:51:11 |
|  89 | m13        | 2014-07-11 00:09:37 | 1995-08-06 04:10:51 |
|  90 | btif       | 1993-03-04 08:37:26 | 2002-04-22 04:26:40 |
|  91 | sc         | 1986-03-03 18:42:53 | 1983-12-04 01:03:35 |
|  92 | npx        | 2012-04-25 16:03:17 | 1983-01-01 17:39:54 |
|  93 | f          | 1978-05-14 12:19:52 | 1983-06-28 13:02:47 |
|  94 | spot       | 1991-02-25 16:27:30 | 1973-06-01 06:02:25 |
|  95 | mseq       | 1999-01-01 16:19:57 | 1977-07-12 02:18:48 |
|  96 | dna        | 1994-06-24 07:48:50 | 2014-01-17 18:43:20 |
|  97 | rar        | 2009-08-23 12:53:00 | 2011-02-25 01:52:32 |
|  98 | oth        | 2003-02-21 21:41:46 | 1996-01-31 14:06:53 |
|  99 | uu         | 1973-04-23 04:16:50 | 2005-01-13 13:39:54 |
| 100 | mobi       | 1987-11-29 12:05:16 | 2018-09-05 13:28:38 |
+-----+------------+---------------------+---------------------+
100 rows in set (0.00 sec)

mysql> update media_types set updated_at = now() where updated_at < created_at;
Query OK, 53 rows affected (0.01 sec)
Rows matched: 53  Changed: 53  Warnings: 0

mysql> select * from media_types limit 10;
+----+-------+---------------------+---------------------+
| id | name  | created_at          | updated_at          |
+----+-------+---------------------+---------------------+
|  1 | exe   | 1977-04-24 04:18:13 | 2001-02-03 17:32:46 |
|  2 | stc   | 1992-01-14 12:19:18 | 2011-08-27 04:57:04 |
|  3 | xdm   | 1996-09-16 20:55:04 | 1998-07-17 04:05:34 |
|  4 | ots   | 1979-06-24 18:07:09 | 2020-12-27 01:42:31 |
|  5 | wdb   | 1978-07-17 16:35:55 | 1993-04-25 23:38:38 |
|  6 | opml  | 2003-05-23 15:11:42 | 2006-12-23 17:34:56 |
|  7 | crd   | 1993-09-23 11:17:56 | 2020-12-27 01:42:31 |
|  8 | xar   | 2012-06-16 21:35:12 | 2020-12-27 01:42:31 |
|  9 | scurl | 1971-09-23 01:49:50 | 2001-08-26 00:48:22 |
| 10 | kon   | 2017-12-15 19:10:57 | 2020-12-27 01:42:31 |
+----+-------+---------------------+---------------------+
10 rows in set (0.00 sec)
